			<acid_arrow>
				<actions>
					<acid_arrow_1>
						<apply type="string"></apply>
						<durmod type="string"></durmod>
						<durunit type="string"></durunit>
						<label type="string">Acid Arrow; focus</label>
						<order type="number">1</order>
						<targeting type="string">self</targeting>
						<type type="string">effect</type>
					</acid_arrow_1>
				</actions>
				<class type="string">Intelligence</class>
				<damage type="string">1d6</damage>
				<damagetype type="string">acid</damagetype>
				<dc type="string">12</dc>
				<description type="formattedtext">
					<p>You conjure a corrosive bolt that hits one foe, dealing 1d6 acid damage a round. The bolt remains in the target for as long as you focus.</p>
					<linklist>
						<link class="imagewindow" recordname="image.acid_arrow">Image: Acid Arrow</link>
					</linklist>
				</description>
				<duration type="string">Focus</duration>
				<healing type="string"></healing>
				<level type="string"></level>
				<mult type="number"></mult>
				<name type="string">Acid Arrow</name>
				<opposed type="number"></opposed>
				<opposed_dc type="number"></opposed_dc>
				<opposedAbility type="string"></opposedAbility>
				<range type="string">Far</range>
				<shortdescription type="string"></shortdescription>
				<tier type="number">2</tier>
				<type type="string">Damage</type>
			</acid_arrow>
