			<alter_self>
				<actions>
				<alter_self_1>
					<apply type="string"></apply>
					<durmod type="string">5</durmod>
					<durunit type="string">rnd</durunit>
					<label type="string">Alter Self</label>
					<order type="number">1</order>
					<targeting type="string">self</targeting>
					<type type="string">effect</type>
				</alter_self_1>
				</actions>
				<class type="string">Charisma</class>
				<damage type="string"></damage>
				<damagetype type="string"></damagetype>
				<dc type="string">12</dc>
				<description type="formattedtext">
					<p>You magically change your physical form, gaining one feature that modifies your existing anatomy.</p>
				</description>
				<duration type="string">5 rounds</duration>
				<healing type="string"></healing>
				<level type="string"></level>
				<mult type="number"></mult>
				<name type="string">Alter Self</name>
				<opposed type="number"></opposed>
				<opposed_dc type="number"></opposed_dc>
				<opposedAbility type="string"></opposedAbility>
				<range type="string">Self</range>
				<shortdescription type="string"></shortdescription>
				<tier type="number">2</tier>
				<type type="string"></type>
			</alter_self>
