			<anathema>
				<actions />
				<class type="string">Charisma</class>
				<damage type="string"></damage>
				<damagetype type="string"></damagetype>
				<dc type="string">15</dc>
				<description type="formattedtext">
					<p>All allies revile and abandon the creature you touch for 1 day. Each time you or your allies harm the target, its former allies may pass a DC 15 Wisdom check to end the effects of the spell.</p>
				</description>
				<duration type="string">Instant</duration>
				<healing type="string"></healing>
				<level type="string"></level>
				<mult type="number"></mult>
				<name type="string">Anathema</name>
				<opposed type="number"></opposed>
				<opposed_dc type="number"></opposed_dc>
				<opposedAbility type="string"></opposedAbility>
				<range type="string">Touch</range>
				<shortdescription type="string"></shortdescription>
				<tier type="number">5</tier>
				<type type="string"></type>
			</anathema>
