			<animate_dead>
				<actions />
				<class type="string">Intelligence</class>
				<damage type="string"></damage>
				<damagetype type="string"></damagetype>
				<dc type="string">13</dc>
				<description type="formattedtext">
					<p>You touch one humanoid’s remains, and it rises as a zombie or skeleton under your control. The remains must have at least three limbs and its head intact. The undead creature acts on your turn. After 1 day, the creature collapses into grave dust.</p>
				</description>
				<duration type="string">1 day</duration>
				<healing type="string"></healing>
				<level type="string"></level>
				<mult type="number"></mult>
				<name type="string">Animate Dead</name>
				<opposed type="number"></opposed>
				<opposed_dc type="number"></opposed_dc>
				<opposedAbility type="string"></opposedAbility>
				<range type="string">Close</range>
				<shortdescription type="string"></shortdescription>
				<tier type="number">3</tier>
				<type type="string"></type>
			</animate_dead>
