			<animal_totem>
				<actions />
				<class type="string">Wisdom</class>
				<damage type="string"></damage>
				<damagetype type="string"></damagetype>
				<dc type="string">13</dc>
				<description type="formattedtext">
					<p>A willing animal you touch is transformed into a small wooden statue in your inventory.</p>
					<p>You can return it to natural form at any time before the duration expires.</p>
				</description>
				<duration type="string">1 Day</duration>
				<healing type="string"></healing>
				<level type="string"></level>
				<mult type="number"></mult>
				<name type="string">Animal Totem</name>
				<opposed type="number"></opposed>
				<opposed_dc type="number"></opposed_dc>
				<opposedAbility type="string"></opposedAbility>
				<range type="string">Close</range>
				<shortdescription type="string"></shortdescription>
				<tier type="number">3</tier>
				<type type="string"></type>
			</animal_totem>
