			<arrow_of_hornets>
				<actions />
				<class type="string">Wisdom</class>
				<damage type="string">1d6</damage>
				<damagetype type="string">piercing</damagetype>
				<dc type="string">11</dc>
				<description type="formattedtext">
					<p>A mass of hornets you summon coalesce into an arrow that hits a target, dealing 1d6 piercing damage.</p>
				</description>
				<duration type="string">Instant</duration>
				<healing type="string"></healing>
				<level type="string"></level>
				<mult type="number"></mult>
				<name type="string">Arrow of Hornets</name>
				<opposed type="number"></opposed>
				<opposed_dc type="number"></opposed_dc>
				<opposedAbility type="string"></opposedAbility>
				<range type="string">Near</range>
				<shortdescription type="string"></shortdescription>
				<tier type="number">1</tier>
				<type type="string">Damage</type>
			</arrow_of_hornets>
