			<barkhide>
				<actions>
					<barkhide_1>
						<apply type="string"></apply>
						<durmod type="string">5</durmod>
						<durunit type="string">rnd</durunit>
						<label type="string">Barkhide; AC: 2</label>
						<order type="number">1</order>
						<targeting type="string"></targeting>
						<type type="string">effect</type>
					</barkhide_1>
				</actions>
				<class type="string">Wisdom</class>
				<damage type="string"></damage>
				<damagetype type="string"></damagetype>
				<dc type="string">11</dc>
				<description type="formattedtext">
					<p>An animal or giant animal’s skin you touch hardens like tree bark. For the spell’s duration, the animal’s armor class is increased by 2. Can also be cast on Beastmasters.</p>
				</description>
				<duration type="string">5 rounds</duration>
				<healing type="string"></healing>
				<level type="string"></level>
				<mult type="number"></mult>
				<name type="string">Barkhide</name>
				<opposed type="number"></opposed>
				<opposed_dc type="number"></opposed_dc>
				<opposedAbility type="string"></opposedAbility>
				<range type="string">Close</range>
				<shortdescription type="string"></shortdescription>
				<tier type="number">1</tier>
				<type type="string"></type>
			</barkhide>
