			<beguile>
				<actions>
				<beguile_1>
					<apply type="string"></apply>
					<durmod type="string"></durmod>
					<durunit type="string"></durunit>
					<label type="string">Beguile; focus</label>
					<order type="number">1</order>
					<targeting type="string">self</targeting>
					<type type="string">effect</type>
				</beguile_1>
				</actions>
				<class type="string">Charisma</class>
				<damage type="string"></damage>
				<damagetype type="string"></damagetype>
				<dc type="string">14</dc>
				<description type="formattedtext">
					<p>You conjure a convincing visible and audible illusion within range. Creatures who perceive the illusion react to it as though it were real, although it can't cause actual harm. Touching the illusion instantly reveals its false nature. You may force a creature who interacts with the illusion to make a DC 15 Wisdom check. If the creature fails, it is enchanted by the illusion for the spell's duration and seeks to protect it.</p>
				</description>
				<duration type="string">Focus</duration>
				<healing type="string"></healing>
				<level type="string"></level>
				<mult type="number"></mult>
				<name type="string">Beguile</name>
				<opposed type="number">1</opposed>
				<opposed_dc type="number">15</opposed_dc>
				<opposedAbility type="string">wisdom</opposedAbility>
				<range type="string">Near</range>
				<shortdescription type="string"></shortdescription>
				<tier type="number">4</tier>
				<type type="string"></type>
			</beguile>
