			<bite_of_the_mantis>
				<actions />
				<class type="string">Wisdom</class>
				<damage type="string"></damage>
				<damagetype type="string"></damagetype>
				<dc type="string">14</dc>
				<description type="formattedtext">
					<p>You invoke the fierce spirit of the mantis. Enemies a near distance from you who damage you or your allies inflict an additional half damage to themselves.</p>
					<p>Targets know this damage is coming from you.</p>
				</description>
				<duration type="string">Focus</duration>
				<healing type="string"></healing>
				<level type="string"></level>
				<mult type="number"></mult>
				<name type="string">Bite of the Mantis</name>
				<opposed type="number"></opposed>
				<opposed_dc type="number"></opposed_dc>
				<opposedAbility type="string"></opposedAbility>
				<range type="string">Near</range>
				<shortdescription type="string"></shortdescription>
				<tier type="number">4</tier>
				<type type="string"></type>
			</bite_of_the_mantis>
