			<black_blood>
				<actions />
				<class type="string">Constitution</class>
				<damage type="string"></damage>
				<damagetype type="string"></damagetype>
				<dc type="string">14</dc>
				<description type="formattedtext">
					<p>With the touch of your hand, any living creature whose LV is half of yours or less must make a CON check vs. your spellcasting check or be turned into a zombie under your control.</p>
					<p>The zombie retains the original shape, LV and HP, but loses its abilities, using zombie stats and abilities.</p>
					<p>Total undead LV under your control cannot exceed your level. (See Raising the Dead for more information.)</p>
				</description>
				<duration type="string">Instant</duration>
				<healing type="string"></healing>
				<level type="string"></level>
				<mult type="number"></mult>
				<name type="string">Black Blood</name>
				<opposed type="number">1</opposed>
				<opposed_dc type="number">0</opposed_dc>
				<opposedAbility type="string">con</opposedAbility>
				<range type="string">Close</range>
				<shortdescription type="string"></shortdescription>
				<tier type="number">4</tier>
				<type type="string"></type>
			</black_blood>
