			<bloomquake>
				<actions>
				<bloomquake_1>
					<apply type="string"></apply>
					<durmod type="string"></durmod>
					<durunit type="string"></durunit>
					<label type="string">prone</label>
					<order type="number">1</order>
					<targeting type="string">target</targeting>
					<type type="string">effect</type>
				</bloomquake_1>
				</actions>
				<class type="string">Wisdom</class>
				<damage type="string">2d6</damage>
				<damagetype type="string">blunt</damagetype>
				<dc type="string">13</dc>
				<description type="formattedtext">
					<p>You cause thousands of flowers to burst from the ground, creating an earthquake centered on a target within range.</p>
					<p>All creatures in a near area from target location must make a DEX check vs. your spellcasting check or fall and take 2d6 blunt damage.</p>
				</description>
				<duration type="string">Instant</duration>
				<healing type="string"></healing>
				<level type="string"></level>
				<mult type="number"></mult>
				<name type="string">Bloomquake</name>
				<opposed type="number">1</opposed>
				<opposed_dc type="number">0</opposed_dc>
				<opposedAbility type="string">dex</opposedAbility>
				<range type="string">Far</range>
				<shortdescription type="string"></shortdescription>
				<tier type="number">3</tier>
				<type type="string">Damage</type>
			</bloomquake>
