			<bogboil>
				<actions>
				<bogboil_1>
					<apply type="string"></apply>
					<durmod type="string">5</durmod>
					<durunit type="string">rnd</durunit>
					<label type="string">Bogboil</label>
					<order type="number">1</order>
					<targeting type="string">self</targeting>
					<type type="string">effect</type>
				</bogboil_1>
				</actions>
				<class type="string">Charisma</class>
				<damage type="string"></damage>
				<damagetype type="string"></damagetype>
				<dc type="string">12</dc>
				<description type="formattedtext">
					<p>You turn a near-sized cube of ground within range into a muddy, boiling bog of quicksand. A creature stuck in the bog can’t move and must succeed on a Dexterity check vs. your spellcasting check to free itself.</p>
				</description>
				<duration type="string">5 rounds</duration>
				<healing type="string"></healing>
				<level type="string"></level>
				<mult type="number"></mult>
				<name type="string">Bogboil</name>
				<opposed type="number">1</opposed>
				<opposed_dc type="number">0</opposed_dc>
				<opposedAbility type="string">dexterity</opposedAbility>
				<range type="string">Far</range>
				<shortdescription type="string"></shortdescription>
				<tier type="number">2</tier>
				<type type="string"></type>
			</bogboil>
