			<boneskin>
				<actions>
				<boneskin_1>
					<apply type="string"></apply>
					<durmod type="string">10</durmod>
					<durunit type="string">rnd</durunit>
					<label type="string">Boneskin; AC: 1</label>
					<order type="number">1</order>
					<targeting type="string">self</targeting>
					<type type="string">effect</type>
				</boneskin_1>
				</actions>
				<class type="string">Constitution</class>
				<damage type="string"></damage>
				<damagetype type="string"></damagetype>
				<dc type="string">12</dc>
				<description type="formattedtext">
					<p>Your skin becomes covered in hardened bone armor. For the spell’s duration, your armor class becomes 17 (20 on a critical spellcasting check.) [Adjust the effect as needed.]</p>
				</description>
				<duration type="string">10 rounds</duration>
				<healing type="string"></healing>
				<level type="string"></level>
				<mult type="number"></mult>
				<name type="string">Boneskin</name>
				<opposed type="number"></opposed>
				<opposed_dc type="number"></opposed_dc>
				<opposedAbility type="string"></opposedAbility>
				<range type="string">Self</range>
				<shortdescription type="string"></shortdescription>
				<tier type="number">2</tier>
				<type type="string"></type>
			</boneskin>
