			<bone_ballista>
				<actions>
				<bone_ballista_1>
					<apply type="string"></apply>
					<durmod type="string"></durmod>
					<durunit type="string"></durunit>
					<label type="string">Bone Ballista; focus</label>
					<order type="number">1</order>
					<targeting type="string">self</targeting>
					<type type="string">effect</type>
				</bone_ballista_1>
				</actions>
				<class type="string">Constitution</class>
				<damage type="string">4d6</damage>
				<damagetype type="string">piercing</damagetype>
				<dc type="string">14</dc>
				<description type="formattedtext">
					<p>You form a ballista made of bone from a corpse you touch.</p>
					<p>It fires a bolt of bone shards during your turn, automatically hitting a target in near range, doing 4d6 piercing damage.</p>
					<p>The bone ballista has 10 HP, 11 AC, and can be damaged by physical or magical attacks.</p>
				</description>
				<duration type="string">Focus</duration>
				<healing type="string"></healing>
				<level type="string"></level>
				<mult type="number"></mult>
				<name type="string">Bone Ballista</name>
				<opposed type="number"></opposed>
				<opposed_dc type="number"></opposed_dc>
				<opposedAbility type="string"></opposedAbility>
				<range type="string">Close</range>
				<shortdescription type="string"></shortdescription>
				<tier type="number">4</tier>
				<type type="string">Damage</type>
			</bone_ballista>
