			<bone_storm>
				<actions>
					<bone_storm_1>
						<apply type="string"></apply>
						<durmod type="string"></durmod>
						<durunit type="string"></durunit>
						<label type="string">Bone Storm; focus</label>
						<order type="number">1</order>
						<targeting type="string">self</targeting>
						<type type="string">effect</type>
					</bone_storm_1>
				</actions>
				<class type="string">Constitution</class>
				<damage type="string">5d6</damage>
				<damagetype type="string">blunt</damagetype>
				<dc type="string">15</dc>
				<description type="formattedtext">
					<p>You call upon deathly winds to create a tornado of whirling bones that cover a near cube.</p>
					<p>Any creatures caught inside take 5d6 blunt damage per round.</p>
					<p>You can forgo moving to move the storm a near distance.</p>
					<linklist>
						<link class="imagewindow" recordname="image.bone_storm">Image: Bone Storm</link>
					</linklist>
				</description>
				<duration type="string">Focus</duration>
				<healing type="string"></healing>
				<level type="string"></level>
				<mult type="number"></mult>
				<name type="string">Bone Storm</name>
				<opposed type="number"></opposed>
				<opposed_dc type="number"></opposed_dc>
				<opposedAbility type="string"></opposedAbility>
				<range type="string">Near</range>
				<shortdescription type="string"></shortdescription>
				<tier type="number">5</tier>
				<type type="string">Damage</type>
			</bone_storm>
