			<bonebound_sentry>
				<actions />
				<class type="string">Constitution</class>
				<damage type="string"></damage>
				<damagetype type="string"></damagetype>
				<dc type="string">12</dc>
				<description type="formattedtext">
					<p>Using spectral energy, you double the size of one undead minion that you control and root it in place.</p>
					<p>The bonebound minion cannot move, but its maximum HP is doubled and it deals an extra die of damage.</p>
					<p>You may dispel Bonebound Sentry at any time.</p>
				</description>
				<duration type="string">10 rounds</duration>
				<healing type="string"></healing>
				<level type="string"></level>
				<mult type="number"></mult>
				<name type="string">Bonebound Sentry</name>
				<opposed type="number"></opposed>
				<opposed_dc type="number"></opposed_dc>
				<opposedAbility type="string"></opposedAbility>
				<range type="string">Near</range>
				<shortdescription type="string"></shortdescription>
				<tier type="number">2</tier>
				<type type="string"></type>
			</bonebound_sentry>
