			<burning_hands>
				<actions />
				<class type="string">Intelligence</class>
				<damage type="string">1d6</damage>
				<damagetype type="string">fire</damagetype>
				<dc type="string">11</dc>
				<description type="formattedtext">
					<p>You spread your fingers with thumbs touching, unleashing a circle of flame that roars out to a close area around where you stand. Creatures within the area of effect take 1d6 fire damage, and flammable objects catch fire.</p>
				</description>
				<duration type="string">Instant</duration>
				<healing type="string"></healing>
				<level type="string"></level>
				<mult type="number"></mult>
				<name type="string">Burning Hands</name>
				<opposed type="number"></opposed>
				<opposed_dc type="number"></opposed_dc>
				<opposedAbility type="string"></opposedAbility>
				<range type="string">Close</range>
				<shortdescription type="string"></shortdescription>
				<tier type="number">1</tier>
				<type type="string">Damage</type>
			</burning_hands>
