			<call_to_the_wild>
				<actions />
				<class type="string">Wisdom</class>
				<damage type="string"></damage>
				<damagetype type="string"></damagetype>
				<dc type="string">12</dc>
				<description type="formattedtext">
					<p>The GM decides which and how many arrive; the animals’ combined LV being twice yours.</p>
					<p>They begin arriving in one round and will take the most obvious, instinctual action that can assist you and your allies.</p>
					<p>This chant does not grant you the ability to speak to them or control them.</p>
				</description>
				<duration type="string">Range: Far</duration>
				<healing type="string"></healing>
				<level type="string"></level>
				<mult type="number"></mult>
				<name type="string">Call to the Wild</name>
				<opposed type="number"></opposed>
				<opposed_dc type="number"></opposed_dc>
				<opposedAbility type="string"></opposedAbility>
				<range type="string">Your voice carries the ancient melody that invites animals within far to come to your aid.</range>
				<shortdescription type="string"></shortdescription>
				<tier type="number">2</tier>
				<type type="string"></type>
			</call_to_the_wild>
