			<cauldron>
				<actions />
				<class type="string">Charisma</class>
				<damage type="string"></damage>
				<damagetype type="string"></damagetype>
				<dc type="string">11</dc>
				<description type="formattedtext">
					<p>You conjure a bubbling cauldron next to you. It can produce one of the following effects:  Any broken mundane item placed inside the cauldron is repaired.</p>
					<list>
						<li>A fat, croaking toad leaps out and follows your instructions for the next 3 rounds.</li>
						<li>You can place up to 3 item slots of items inside the cauldron. The cauldron expels these items the next time you cast this spell (expelling items counts as the cauldron's single effect).</li>
					</list>
				</description>
				<duration type="string">1 round</duration>
				<healing type="string"></healing>
				<level type="string"></level>
				<mult type="number"></mult>
				<name type="string">Cauldron</name>
				<opposed type="number"></opposed>
				<opposed_dc type="number"></opposed_dc>
				<opposedAbility type="string"></opposedAbility>
				<range type="string">Close</range>
				<shortdescription type="string"></shortdescription>
				<tier type="number">1</tier>
				<type type="string"></type>
			</cauldron>
