			<charm_animals>
				<actions />
				<class type="string">Wisdom</class>
				<damage type="string"></damage>
				<damagetype type="string"></damagetype>
				<dc type="string">12</dc>
				<description type="formattedtext">
					<p>You magically beguile a number of natural animals whose combined LV equals your level.</p>
					<p>Two LV 0 animals count as 1 LV.</p>
					<p>They regard you as their master, but if they cannot understand you, they will take the most obvious, instinctual action to assist you.</p>
					<p>The spell ends if you or your allies cause harm to any of them.</p>
					<p>The animals return to their wild form when the spell ends.</p>
				</description>
				<duration type="string">1 day</duration>
				<healing type="string"></healing>
				<level type="string"></level>
				<mult type="number"></mult>
				<name type="string">Charm Animals</name>
				<opposed type="number"></opposed>
				<opposed_dc type="number"></opposed_dc>
				<opposedAbility type="string"></opposedAbility>
				<range type="string">Near</range>
				<shortdescription type="string"></shortdescription>
				<tier type="number">2</tier>
				<type type="string"></type>
			</charm_animals>
