			<cleansing_weapon>
				<actions>
					<cleansing_weapon_1>
						<apply type="string"></apply>
						<durmod type="string">5</durmod>
						<durunit type="string">rnd</durunit>
						<label type="string">Cleansing Weapon; DMG: 1d4 radiant; IFT:TYPE(undead); DMG: 1d2 radiant</label>
						<order type="number">1</order>
						<targeting type="string">self</targeting>
						<type type="string">effect</type>
					</cleansing_weapon_1>
				</actions>
				<class type="string">Wisdom</class>
				<damage type="string">1d4</damage>
				<damagetype type="string">radiant</damagetype>
				<dc type="string">12</dc>
				<description type="formattedtext">
					<p>One weapon you touch is wreathed in purifying flames. It deals an additional 1d4 radiant damage (1d6 vs. undead) for the duration. [Note: FG effects can only add more dice for a given monster type, not substitute dice. Therefore, the effect has been changed to 1d4, plus an additional 1d2 vs. undead.]</p>
					<linklist>
						<link class="imagewindow" recordname="image.cleansing_weapon">Image: Cleansing Weapon</link>
					</linklist>
				</description>
				<duration type="string">5 rounds</duration>
				<healing type="string"></healing>
				<level type="string"></level>
				<mult type="number"></mult>
				<name type="string">Cleansing Weapon</name>
				<opposed type="number"></opposed>
				<opposed_dc type="number"></opposed_dc>
				<opposedAbility type="string"></opposedAbility>
				<range type="string">Close</range>
				<shortdescription type="string"></shortdescription>
				<tier type="number">2</tier>
				<type type="string">Damage</type>
			</cleansing_weapon>
