			<confusion>
				<actions>
					<confusion_1>
						<apply type="string"></apply>
						<durmod type="string"></durmod>
						<durunit type="string"></durunit>
						<label type="string">Confusion; focus</label>
						<order type="number">1</order>
						<targeting type="string">self</targeting>
						<type type="string">effect</type>
					</confusion_1>
				</actions>
				<class type="string">Intelligence</class>
				<damage type="string"></damage>
				<damagetype type="string"></damagetype>
				<dc type="string">14</dc>
				<description type="formattedtext">
					<p>You mesmerize one creature you can see in range. The target can't take actions, and it moves in a random direction on its turn. If the target is LV 9+, it may make a Wisdom check vs. your last spellcasting check at the start of its turn to end the spell.</p>
				</description>
				<duration type="string">Focus</duration>
				<healing type="string"></healing>
				<level type="string"></level>
				<mult type="number"></mult>
				<name type="string">Confusion</name>
				<opposed type="number">1</opposed>
				<opposed_dc type="number">0</opposed_dc>
				<opposedAbility type="string">wisdom</opposedAbility>
				<range type="string">Near</range>
				<shortdescription type="string"></shortdescription>
				<tier type="number">4</tier>
				<type type="string"></type>
			</confusion>
