			<corpse_explosion>
				<actions />
				<class type="string">Constitution</class>
				<damage type="string">5d6</damage>
				<damagetype type="string">piercing</damagetype>
				<dc type="string">13</dc>
				<description type="formattedtext">
					<p>With a clench of your fist, you cause a non-animated corpse to explode. All creatures within close of the corpse take 5d6 piercing damage.</p>
					<linklist>
						<link class="imagewindow" recordname="image.corpse_explosion">Image: Corpse Explosion</link>
					</linklist>
				</description>
				<duration type="string">Instant</duration>
				<healing type="string"></healing>
				<level type="string"></level>
				<mult type="number"></mult>
				<name type="string">Corpse Explosion</name>
				<opposed type="number"></opposed>
				<opposed_dc type="number"></opposed_dc>
				<opposedAbility type="string"></opposedAbility>
				<range type="string">Near</range>
				<shortdescription type="string"></shortdescription>
				<tier type="number">3</tier>
				<type type="string">Damage</type>
			</corpse_explosion>
