			<cure_wounds>
				<actions />
				<class type="string">Wisdom</class>
				<damage type="string"></damage>
				<damagetype type="string"></damagetype>
				<dc type="string">11</dc>
				<description type="formattedtext">
					<p>Your touch restores ebbing life. Roll a number of d6s equal to 1 + half your level (rounded down). One target you touch regains that many hit points.</p>
				</description>
				<duration type="string">Instant</duration>
				<healing type="string">1d6</healing>
				<level type="string">half</level>
				<mult type="number">1</mult>
				<name type="string">Cure Wounds</name>
				<opposed type="number"></opposed>
				<opposed_dc type="number"></opposed_dc>
				<opposedAbility type="string"></opposedAbility>
				<range type="string">Close</range>
				<shortdescription type="string"></shortdescription>
				<tier type="number">1</tier>
				<type type="string">Healing</type>
			</cure_wounds>
