			<curse>
				<actions />
				<class type="string">Charisma</class>
				<damage type="string"></damage>
				<damagetype type="string"></damagetype>
				<dc type="string">14</dc>
				<description type="formattedtext">
					<p>A creature you touch is afflicted by one of the following curses:</p>
					<list>
						<li>Hideous boils and warts</li>
						<li>All food tastes of ash</li>
						<li>Voice becomes shrill</li>
						<li>Disturbing nightmares</li>
						<li>Always lose at gambling</li>
						<li>An ally turns into an enemy</li>
						<li>Fear of something ordinary</li>
					</list>
				</description>
				<duration type="string">Permanent</duration>
				<healing type="string"></healing>
				<level type="string"></level>
				<mult type="number"></mult>
				<name type="string">Curse</name>
				<opposed type="number"></opposed>
				<opposed_dc type="number"></opposed_dc>
				<opposedAbility type="string"></opposedAbility>
				<range type="string">Touch</range>
				<shortdescription type="string"></shortdescription>
				<tier type="number">4</tier>
				<type type="string"></type>
			</curse>
