			<dance_of_the_drum>
				<actions />
				<class type="string">Wisdom</class>
				<damage type="string"></damage>
				<damagetype type="string"></damagetype>
				<dc type="string">12</dc>
				<description type="formattedtext">
				</description>
				<duration type="string">Range: Near</duration>
				<healing type="string"></healing>
				<level type="string"></level>
				<mult type="number"></mult>
				<name type="string">Dance of the Drum</name>
				<opposed type="number"></opposed>
				<opposed_dc type="number"></opposed_dc>
				<opposedAbility type="string"></opposedAbility>
				<range type="string">Your captivating drumming compels enemies within a near distance from you to dance in revelry unless they pass a WIS check vs. your last chanting check. The effect on one target ends if you or your allies do anything the target notices to injure it.</range>
				<shortdescription type="string"></shortdescription>
				<tier type="number">2</tier>
				<type type="string"></type>
			</dance_of_the_drum>
