			<darkness>
				<actions>
					<darkness_1>
						<apply type="string"></apply>
						<durmod type="string">5</durmod>
						<durunit type="string">rnd</durunit>
						<label type="string">Darkness</label>
						<order type="number">1</order>
						<targeting type="string">self</targeting>
						<type type="string">effect</type>
					</darkness_1>
					<darkness_2>
						<apply type="string"></apply>
						<durmod type="string"></durmod>
						<durunit type="string"></durunit>
						<label type="string">Darkness; Blinded</label>
						<order type="number">2</order>
						<targeting type="string"></targeting>
						<type type="string">effect</type>
					</darkness_2>
				</actions>
				<class type="string">Constitution</class>
				<damage type="string"></damage>
				<damagetype type="string"></damagetype>
				<dc type="string">12</dc>
				<description type="formattedtext">
					<p>You magically create darkness in a near cube within the spell’s range. Creatures inside the area are blinded and they are obscured from view from the outside. Only magical light can penetrate this magical darkness.</p>
				</description>
				<duration type="string">5 rounds</duration>
				<healing type="string"></healing>
				<level type="string"></level>
				<mult type="number"></mult>
				<name type="string">Darkness</name>
				<opposed type="number"></opposed>
				<opposed_dc type="number"></opposed_dc>
				<opposedAbility type="string"></opposedAbility>
				<range type="string">Near</range>
				<shortdescription type="string"></shortdescription>
				<tier type="number">2</tier>
				<type type="string"></type>
			</darkness>
