			<deadlight>
				<actions />
				<class type="string">Constitution</class>
				<damage type="string"></damage>
				<damagetype type="string"></damagetype>
				<dc type="string">11</dc>
				<description type="formattedtext">
					<p>You use the soul of a fresh corpse to create a floating light that bobs in the air and casts illumination to a near distance around it. It can float up to a near distance on your turn.</p>
				</description>
				<duration type="string">1 hour real time</duration>
				<healing type="string"></healing>
				<level type="string"></level>
				<mult type="number"></mult>
				<name type="string">Deadlight</name>
				<opposed type="number"></opposed>
				<opposed_dc type="number"></opposed_dc>
				<opposedAbility type="string"></opposedAbility>
				<range type="string">Near</range>
				<shortdescription type="string"></shortdescription>
				<tier type="number">1</tier>
				<type type="string"></type>
			</deadlight>
