			<deathward_circle>
				<actions>
				<deathward_circle_1>
					<apply type="string"></apply>
					<durmod type="string"></durmod>
					<durunit type="string"></durunit>
					<label type="string">Deathward Circle; focus</label>
					<order type="number">1</order>
					<targeting type="string">self</targeting>
					<type type="string">effect</type>
				</deathward_circle_1>
				</actions>
				<class type="string">Constitution</class>
				<damage type="string"></damage>
				<damagetype type="string"></damagetype>
				<dc type="string">13</dc>
				<description type="formattedtext">
					<p>You conjure a circle of bones and necrotic energy out to near-sized cube centered on yourself. For the spell’s duration, undead creatures LV 9 or less cannot attack or cast a hostile spell on anyone inside the circle.</p>
					<p>The undead also can’t possess, compel, or beguile anyone inside the circle.</p>
					<linklist>
						<link class="imagewindow" recordname="image.death_ward_circle">Image: Death Ward Circle</link>
					</linklist>
				</description>
				<duration type="string">Focus</duration>
				<healing type="string"></healing>
				<level type="string"></level>
				<mult type="number"></mult>
				<name type="string">Deathward Circle</name>
				<opposed type="number"></opposed>
				<opposed_dc type="number"></opposed_dc>
				<opposedAbility type="string"></opposedAbility>
				<range type="string">Self</range>
				<shortdescription type="string"></shortdescription>
				<tier type="number">3</tier>
				<type type="string"></type>
			</deathward_circle>
