			<disintegrate>
				<actions />
				<class type="string">Intelligence</class>
				<damage type="string">3d8</damage>
				<damagetype type="string">force</damagetype>
				<dc type="string">15</dc>
				<description type="formattedtext">
					<p>A green ray shoots from your finger and turns a creature or object into ash. A target creature of LV 5 or less instantly dies. If it is LV 6+, it takes 3d8 force damage instead. A non-magical object up to the size of a large tree is destroyed.</p>
				</description>
				<duration type="string">Instant</duration>
				<healing type="string"></healing>
				<level type="string"></level>
				<mult type="number"></mult>
				<name type="string">Disintegrate</name>
				<opposed type="number"></opposed>
				<opposed_dc type="number"></opposed_dc>
				<opposedAbility type="string"></opposedAbility>
				<range type="string">Far</range>
				<shortdescription type="string"></shortdescription>
				<tier type="number">5</tier>
				<type type="string">Damage</type>
			</disintegrate>
