			<dispel_magic>
				<actions />
				<class type="string">Intelligence</class>
				<damage type="string"></damage>
				<damagetype type="string"></damagetype>
				<dc type="string">13</dc>
				<description type="formattedtext">
					<p>End one spell that affects one target you can see in range.</p>
				</description>
				<duration type="string">Instant</duration>
				<healing type="string"></healing>
				<level type="string"></level>
				<mult type="number"></mult>
				<name type="string">Dispel Magic</name>
				<opposed type="number"></opposed>
				<opposed_dc type="number"></opposed_dc>
				<opposedAbility type="string"></opposedAbility>
				<range type="string">Near</range>
				<shortdescription type="string"></shortdescription>
				<tier type="number">3</tier>
				<type type="string"></type>
			</dispel_magic>
