			<divine_vengeance>
				<actions>
					<divine_vengeance_1>
						<apply type="string"></apply>
						<durmod type="string">10</durmod>
						<durunit type="string">rnd</durunit>
						<label type="string">Divine Vengeance; DMGTYPE: magic; ATK: 4; DMG: 4</label>
						<order type="number">1</order>
						<targeting type="string">self</targeting>
						<type type="string">effect</type>
					</divine_vengeance_1>
				</actions>
				<class type="string">Wisdom</class>
				<damage type="string"></damage>
				<damagetype type="string"></damagetype>
				<dc type="string">15</dc>
				<description type="formattedtext">
					<p>You become the divine avatar of your god's wrath, wreathed in holy flames or a black aura of smoldering corruption. For the spell's duration, you can fly a near distance, your weapons are magical, and you have a +4 bonus to your weapon attacks and damage.</p>
				</description>
				<duration type="string">10 rounds</duration>
				<healing type="string"></healing>
				<level type="string"></level>
				<mult type="number"></mult>
				<name type="string">Divine Vengeance</name>
				<opposed type="number"></opposed>
				<opposed_dc type="number"></opposed_dc>
				<opposedAbility type="string"></opposedAbility>
				<range type="string">Self</range>
				<shortdescription type="string"></shortdescription>
				<tier type="number">5</tier>
				<type type="string"></type>
			</divine_vengeance>
