			<domain_of_fatigue>
				<actions>
					<domain_of_fatigue_1>
						<apply type="string"></apply>
						<durmod type="string"></durmod>
						<durunit type="string"></durunit>
						<label type="string">Domain of Fatigue; focus</label>
						<order type="number">1</order>
						<targeting type="string">self</targeting>
						<type type="string">effect</type>
					</domain_of_fatigue_1>
					<domain_of_fatigue_2>
						<apply type="string"></apply>
						<durmod type="string"></durmod>
						<durunit type="string"></durunit>
						<label type="string">Domain of Fatigue; DISATK</label>
						<order type="number">2</order>
						<targeting type="string"></targeting>
						<type type="string">effect</type>
					</domain_of_fatigue_2>
				</actions>
				<class type="string">Constitution</class>
				<damage type="string"></damage>
				<damagetype type="string"></damagetype>
				<dc type="string">14</dc>
				<description type="formattedtext">
					<p>You cause a wilting of vitality for the living. All living creatures a near distance from you must make a CON check vs. your spellcasting check or have DISADV on all attacks and spellcasting checks.</p>
				</description>
				<duration type="string">Focus</duration>
				<healing type="string"></healing>
				<level type="string"></level>
				<mult type="number"></mult>
				<name type="string">Domain of Fatigue</name>
				<opposed type="number">1</opposed>
				<opposed_dc type="number">0</opposed_dc>
				<opposedAbility type="string">con</opposedAbility>
				<range type="string">Self</range>
				<shortdescription type="string"></shortdescription>
				<tier type="number">4</tier>
				<type type="string"></type>
			</domain_of_fatigue>
