			<dominion>
				<actions>
				<dominion_1>
					<apply type="string"></apply>
					<durmod type="string">10</durmod>
					<durunit type="string">rnd</durunit>
					<label type="string">Dominion</label>
					<order type="number">1</order>
					<targeting type="string">self</targeting>
					<type type="string">effect</type>
				</dominion_1>
				</actions>
				<class type="string">Wisdom</class>
				<damage type="string"></damage>
				<damagetype type="string"></damagetype>
				<dc type="string">15</dc>
				<description type="formattedtext">
					<p>Mighty beings come to your aid. The beings must have a combined total of 16 levels or less. Chaotic PCs summon demons/devils, and lawful or neutral PCs summon angels. The beings act of free will to aid you on your turn. After 10 rounds, they return to their realms. You cannot cast this spell again until you complete penance.</p>
				</description>
				<duration type="string">10 rounds</duration>
				<healing type="string"></healing>
				<level type="string"></level>
				<mult type="number"></mult>
				<name type="string">Dominion</name>
				<opposed type="number"></opposed>
				<opposed_dc type="number"></opposed_dc>
				<opposedAbility type="string"></opposedAbility>
				<range type="string">Near</range>
				<shortdescription type="string"></shortdescription>
				<tier type="number">5</tier>
				<type type="string"></type>
			</dominion>
