			<enfeeble>
				<actions />
				<class type="string">Charisma</class>
				<damage type="string"></damage>
				<damagetype type="string"></damagetype>
				<dc type="string">15</dc>
				<description type="formattedtext">
					<p>A creature you touch has a random stat reduced to 3 (-4) for one week. Roll a d6 to determine which stat: 1. Strength, 2. Dexterity, 3. Constitution, 4. Intelligence, 5. Wisdom, 6. Charisma. If you fail the spellcasting check, you have a random stat reduced to 3 for a week, instead.</p>
				</description>
				<duration type="string">Instant</duration>
				<healing type="string"></healing>
				<level type="string"></level>
				<mult type="number"></mult>
				<name type="string">Enfeeble</name>
				<opposed type="number"></opposed>
				<opposed_dc type="number"></opposed_dc>
				<opposedAbility type="string"></opposedAbility>
				<range type="string">Touch</range>
				<shortdescription type="string"></shortdescription>
				<tier type="number">5</tier>
				<type type="string"></type>
			</enfeeble>
