			<enlarge_animal>
				<actions>
					<enlarge_animal_1>
						<apply type="string"></apply>
						<durmod type="string"></durmod>
						<durunit type="string"></durunit>
						<label type="string">Enlarge Animal; focus</label>
						<order type="number">1</order>
						<targeting type="string">self</targeting>
						<type type="string">effect</type>
					</enlarge_animal_1>
				</actions>
				<class type="string">Wisdom</class>
				<damage type="string"></damage>
				<damagetype type="string"></damagetype>
				<dc type="string">14</dc>
				<description type="formattedtext">
					<p>An animal you touch grows into the giant version of itself.</p>
					<p>Replace its stat block with its giant version.</p>
				</description>
				<duration type="string">Focus</duration>
				<healing type="string"></healing>
				<level type="string"></level>
				<mult type="number"></mult>
				<name type="string">Enlarge Animal</name>
				<opposed type="number"></opposed>
				<opposed_dc type="number"></opposed_dc>
				<opposedAbility type="string"></opposedAbility>
				<range type="string">Close</range>
				<shortdescription type="string"></shortdescription>
				<tier type="number">4</tier>
				<type type="string"></type>
			</enlarge_animal>
