			<error_qqq>
				<actions>
				</actions>
				<class type="string"></class>
				<damage type="string"></damage>
				<damagetype type="string"></damagetype>
				<dc type="string"></dc>
				<description type="formattedtext">
					<p>Please report errors so that they can be fixed.</p>
				</description>
				<duration type="string">Focus</duration>
				<healing type="string"></healing>
				<level type="string"></level>
				<mult type="number"></mult>
				<name type="string">Error: Unknown spell QQQ</name>
				<opposed type="number"></opposed>
				<opposed_dc type="number"></opposed_dc>
				<opposedAbility type="string"></opposedAbility>
				<range type="string">Far</range>
				<shortdescription type="string"></shortdescription>
				<tier type="number"></tier>
				<type type="string"></type>
			</error_qqq>
