			<evoke_rage>
				<actions>
					<evoke_rage_1>
						<apply type="string"></apply>
						<durmod type="string">1d4</durmod>
						<durunit type="string">rnd</durunit>
						<label type="string">ADVCHK: strength; ADVATK; DMG: 1d4</label>
						<order type="number">1</order>
						<targeting type="string">target</targeting>
						<type type="string">effect</type>
					</evoke_rage_1>
				</actions>
				<class type="string">Wisdom</class>
				<damage type="string"></damage>
				<damagetype type="string"></damagetype>
				<dc type="string">11</dc>
				<description type="formattedtext">
					<p>You call out the berserk rage locked inside someone. One willing humanoid you touch enters a berserk state. The target is immune to morale checks, has ADV on STR checks and melee attacks, and deals +1d4 damage for the spell's duration. If the target does not attack another creature on its turn, the spell ends.</p>
				</description>
				<duration type="string">1d4 rounds</duration>
				<healing type="string"></healing>
				<level type="string"></level>
				<mult type="number"></mult>
				<name type="string">Evoke Rage</name>
				<opposed type="number"></opposed>
				<opposed_dc type="number"></opposed_dc>
				<opposedAbility type="string"></opposedAbility>
				<range type="string">Close</range>
				<shortdescription type="string"></shortdescription>
				<tier type="number">1</tier>
				<type type="string"></type>
			</evoke_rage>
