			<eyebite>
				<actions>
				<eyebite_1>
					<apply type="string"></apply>
					<durmod type="string">1</durmod>
					<durunit type="string">rnd</durunit>
					<label type="string">blinded</label>
					<order type="number">1</order>
					<targeting type="string">target</targeting>
					<type type="string">effect</type>
				</eyebite_1>
				</actions>
				<class type="string">Charisma</class>
				<damage type="string">1d4</damage>
				<damagetype type="string">psychic</damagetype>
				<dc type="string">11</dc>
				<description type="formattedtext">
					<p>One creature you target takes 1d4 psychic damage, and it can't see you until the end of its next turn.</p>
				</description>
				<duration type="string">Instant</duration>
				<healing type="string"></healing>
				<level type="string"></level>
				<mult type="number"></mult>
				<name type="string">Eyebite</name>
				<opposed type="number"></opposed>
				<opposed_dc type="number"></opposed_dc>
				<opposedAbility type="string"></opposedAbility>
				<range type="string">Near</range>
				<shortdescription type="string"></shortdescription>
				<tier type="number">1</tier>
				<type type="string">Damage</type>
			</eyebite>
