			<fate>
				<actions />
				<class type="string">Wisdom</class>
				<damage type="string">1d10</damage>
				<damagetype type="string">psychic</damagetype>
				<dc type="string">12</dc>
				<description type="formattedtext">
					<p>You painfully twist the golden threads of a creature's fate. One creature you target in range takes 1d10 psychic damage and loses any luck tokens it has.</p>
				</description>
				<duration type="string">Instant</duration>
				<healing type="string"></healing>
				<level type="string"></level>
				<mult type="number"></mult>
				<name type="string">Fate</name>
				<opposed type="number"></opposed>
				<opposed_dc type="number"></opposed_dc>
				<opposedAbility type="string"></opposedAbility>
				<range type="string">Near</range>
				<shortdescription type="string"></shortdescription>
				<tier type="number">2</tier>
				<type type="string">Damage</type>
			</fate>
