			<fireball>
				<actions />
				<class type="string">Intelligence</class>
				<damage type="string">4d6</damage>
				<damagetype type="string">fire</damagetype>
				<dc type="string">13</dc>
				<description type="formattedtext">
					<p>You hurl a small flame that erupts into a fiery blast. All creatures in a near-sized cube around where the flame lands take 4d6 fire damage.</p>
				</description>
				<duration type="string">Instant</duration>
				<healing type="string"></healing>
				<level type="string"></level>
				<mult type="number"></mult>
				<name type="string">Fireball</name>
				<opposed type="number"></opposed>
				<opposed_dc type="number"></opposed_dc>
				<opposedAbility type="string"></opposedAbility>
				<range type="string">Far</range>
				<shortdescription type="string"></shortdescription>
				<tier type="number">3</tier>
				<type type="string">Damage</type>
			</fireball>
