			<fireskull_familiar>
				<actions />
				<class type="string">Constitution</class>
				<damage type="string"></damage>
				<damagetype type="string"></damagetype>
				<dc type="string">12</dc>
				<description type="formattedtext">
					<p>You animate a single skull as your familiar from a corpse or skull you touch. The skull is bathed in blue flames and gifted with levitation-based flight.</p>
					<p>It projects light in a near distance, it can speak and understand, retrieve small items, perform a minor bite attack, and deliver messages.</p>
					<p>On your turn you can move it a near distance. See NPC entry for stats. Only one instance of this spell may be active at a time.</p>
					<linklist>
						<link class="imagewindow" recordname="image.fire_skull_familiar">Image: Fire Skull Familiar</link>
					</linklist>
				</description>
				<duration type="string">1 hour real time</duration>
				<healing type="string"></healing>
				<level type="string"></level>
				<mult type="number"></mult>
				<name type="string">Fireskull Familiar</name>
				<opposed type="number"></opposed>
				<opposed_dc type="number"></opposed_dc>
				<opposedAbility type="string"></opposedAbility>
				<range type="string">Close</range>
				<shortdescription type="string"></shortdescription>
				<tier type="number">2</tier>
				<type type="string"></type>
			</fireskull_familiar>
