			<floating_disk>
				<actions>
					<floating_disk_1>
						<apply type="string"></apply>
						<durmod type="string">10</durmod>
						<durunit type="string">rnd</durunit>
						<label type="string">Floating Disk</label>
						<order type="number">1</order>
						<targeting type="string">self</targeting>
						<type type="string">effect</type>
					</floating_disk_1>
				</actions>
				<class type="string">Intelligence</class>
				<damage type="string"></damage>
				<damagetype type="string"></damagetype>
				<dc type="string">11</dc>
				<description type="formattedtext">
					<p>You create a floating, circular disk of force with a concave center. It can carry up to 20 gear slots. It hovers at waist level and automatically stays within near of you. It can’t cross over drop-offs or pits taller than a human.</p>
				</description>
				<duration type="string">10 rounds</duration>
				<healing type="string"></healing>
				<level type="string"></level>
				<mult type="number"></mult>
				<name type="string">Floating Disk</name>
				<opposed type="number"></opposed>
				<opposed_dc type="number"></opposed_dc>
				<opposedAbility type="string"></opposedAbility>
				<range type="string">Near</range>
				<shortdescription type="string"></shortdescription>
				<tier type="number">1</tier>
				<type type="string"></type>
			</floating_disk>
