			<forest_blend>
				<actions>
					<forest_blend_1>
						<apply type="string"></apply>
						<durmod type="string"></durmod>
						<durunit type="string"></durunit>
						<label type="string">Forest Blend; focus</label>
						<order type="number">1</order>
						<targeting type="string">self</targeting>
						<type type="string">effect</type>
					</forest_blend_1>
					<forest_blend_2>
						<apply type="string"></apply>
						<durmod type="string"></durmod>
						<durunit type="string"></durunit>
						<label type="string">Forest Blend; Invisible</label>
						<order type="number">2</order>
						<targeting type="string"></targeting>
						<type type="string">effect</type>
					</forest_blend_2>
				</actions>
				<class type="string">Wisdom</class>
				<damage type="string"></damage>
				<damagetype type="string"></damagetype>
				<dc type="string">14</dc>
				<description type="formattedtext">
					<p>In a forest environment, you and your allies turn invisible as long as they remain a near distance from you. The spell ends if you or your hidden allies attack or cast a spell.</p>
					<p>You have advantage on focus checks for this spell.</p>
				</description>
				<duration type="string">Focus</duration>
				<healing type="string"></healing>
				<level type="string"></level>
				<mult type="number"></mult>
				<name type="string">Forest Blend</name>
				<opposed type="number"></opposed>
				<opposed_dc type="number"></opposed_dc>
				<opposedAbility type="string"></opposedAbility>
				<range type="string">Self</range>
				<shortdescription type="string"></shortdescription>
				<tier type="number">4</tier>
				<type type="string"></type>
			</forest_blend>
