			<forest_of_treants>
				<actions>
					<forest_of_treants_1>
						<apply type="string"></apply>
						<durmod type="string"></durmod>
						<durunit type="string"></durunit>
						<label type="string">Forest of Treants; focus</label>
						<order type="number">1</order>
						<targeting type="string">self</targeting>
						<type type="string">effect</type>
					</forest_of_treants_1>
				</actions>
				<class type="string">Wisdom</class>
				<damage type="string"></damage>
				<damagetype type="string"></damagetype>
				<dc type="string">15</dc>
				<description type="formattedtext">
					<p>You call on the very essence of nature to bestow sentient life to up to 4 trees in a forest.</p>
					<p>These trees become fully realized oak treants (see NPC entry) who will act friendly toward you and assist you with any task that does not involve the destruction of nature.</p>
					<p>They return to their tree form when the spell ends.</p>
				</description>
				<duration type="string">Focus</duration>
				<healing type="string"></healing>
				<level type="string"></level>
				<mult type="number"></mult>
				<name type="string">Forest of Treants</name>
				<opposed type="number"></opposed>
				<opposed_dc type="number"></opposed_dc>
				<opposedAbility type="string"></opposedAbility>
				<range type="string">Far</range>
				<shortdescription type="string"></shortdescription>
				<tier type="number">5</tier>
				<type type="string"></type>
			</forest_of_treants>
