			<forest_altar>
				<actions />
				<class type="string">Wisdom</class>
				<damage type="string"></damage>
				<damagetype type="string"></damagetype>
				<dc type="string">15</dc>
				<description type="formattedtext">
					<p>You prepare a natural altar and commune with a nature spirit for 5 rounds. You gain answers to any question regarding an entire region, be they historical, navigational, or political.</p>
				</description>
				<duration type="string">Instant</duration>
				<healing type="string"></healing>
				<level type="string"></level>
				<mult type="number"></mult>
				<name type="string">Forest Altar</name>
				<opposed type="number"></opposed>
				<opposed_dc type="number"></opposed_dc>
				<opposedAbility type="string"></opposedAbility>
				<range type="string">Close</range>
				<shortdescription type="string"></shortdescription>
				<tier type="number">5</tier>
				<type type="string"></type>
			</forest_altar>
