			<fossilize>
				<actions>
					<fossilize_1>
						<apply type="string"></apply>
						<durmod type="string"></durmod>
						<durunit type="string"></durunit>
						<label type="string">Fossilize; AC: 2; RESIST: all</label>
						<order type="number">1</order>
						<targeting type="string"></targeting>
						<type type="string">effect</type>
					</fossilize_1>
				</actions>
				<class type="string">Constitution</class>
				<damage type="string"></damage>
				<damagetype type="string"></damagetype>
				<dc type="string">13</dc>
				<description type="formattedtext">
					<p>Your touch hardens the bones of an undead minion, granting it +2 AC and imposing half damage on all damage dealt to it.</p>
					<p>Fossilized undead cannot be healed.</p>
					<p>This spell has no effect on already fossilized undead.</p>
				</description>
				<duration type="string">Permanent</duration>
				<healing type="string"></healing>
				<level type="string"></level>
				<mult type="number"></mult>
				<name type="string">Fossilize</name>
				<opposed type="number"></opposed>
				<opposed_dc type="number"></opposed_dc>
				<opposedAbility type="string"></opposedAbility>
				<range type="string">Close</range>
				<shortdescription type="string"></shortdescription>
				<tier type="number">3</tier>
				<type type="string"></type>
			</fossilize>
