			<frog_rain>
				<actions />
				<class type="string">Charisma</class>
				<damage type="string">1d6</damage>
				<damagetype type="string">blunt</damagetype>
				<dc type="string">12</dc>
				<description type="formattedtext">
					<p>A rain of indignant frogs pelts a near-sized cube around a point you can see within range. All creatures within the frog rain take 1d6 blunt damage. Any surviving frogs hop away and disappear.</p>
				</description>
				<duration type="string">Instant</duration>
				<healing type="string"></healing>
				<level type="string"></level>
				<mult type="number"></mult>
				<name type="string">Frog Rain</name>
				<opposed type="number"></opposed>
				<opposed_dc type="number"></opposed_dc>
				<opposedAbility type="string"></opposedAbility>
				<range type="string">Far</range>
				<shortdescription type="string"></shortdescription>
				<tier type="number">2</tier>
				<type type="string">Damage</type>
			</frog_rain>
