			<fungal_cloud>
				<actions>
					<fungal_cloud_1>
						<apply type="string"></apply>
						<durmod type="string">1</durmod>
						<durunit type="string">rnd</durunit>
						<label type="string">Fungal Cloud; DISATK</label>
						<order type="number">1</order>
						<targeting type="string"></targeting>
						<type type="string">effect</type>
					</fungal_cloud_1>
				</actions>
				<class type="string">Wisdom</class>
				<damage type="string"></damage>
				<damagetype type="string"></damagetype>
				<dc type="string">11</dc>
				<description type="formattedtext">
					<p>You lift your hands and a shrubsized mushroom grows from any surface and explodes, causing a cloud of spores to fill a nearsized cube.</p>
					<p>All living creatures must make a CON check vs. your spellcasting check or have DISADV on attacks and checks for the next round.</p>
				</description>
				<duration type="string">Instant</duration>
				<healing type="string"></healing>
				<level type="string"></level>
				<mult type="number"></mult>
				<name type="string">Fungal Cloud</name>
				<opposed type="number">1</opposed>
				<opposed_dc type="number">0</opposed_dc>
				<opposedAbility type="string">con</opposedAbility>
				<range type="string">Near</range>
				<shortdescription type="string"></shortdescription>
				<tier type="number">1</tier>
				<type type="string"></type>
			</fungal_cloud>
