			<ghoulish_claws>
				<actions>
				<ghoulish_claws_1>
					<apply type="string"></apply>
					<durmod type="string">1d4</durmod>
					<durunit type="string">rnd</durunit>
					<label type="string">paralyzed</label>
					<order type="number">1</order>
					<targeting type="string">target</targeting>
					<type type="string">effect</type>
				</ghoulish_claws_1>
				</actions>
				<class type="string">Constitution</class>
				<damage type="string">1d8</damage>
				<damagetype type="string">slashing</damagetype>
				<dc type="string">12</dc>
				<description type="formattedtext">
					<p>By your touch, a willing target’s hands transform into ghastly claws. Your target may make a claw attack that deals 1d8 slashing damage plus paralyze.</p>
					<p>Victims hit by this attack must make a DC 12 CON check or be paralyzed for 1d4 rounds.</p>
				</description>
				<duration type="string">5 rounds</duration>
				<healing type="string"></healing>
				<level type="string"></level>
				<mult type="number"></mult>
				<name type="string">Ghoulish Claws</name>
				<opposed type="number">1</opposed>
				<opposed_dc type="number">12</opposed_dc>
				<opposedAbility type="string">con</opposedAbility>
				<range type="string">Close</range>
				<shortdescription type="string"></shortdescription>
				<tier type="number">2</tier>
				<type type="string">Damage</type>
			</ghoulish_claws>
