			<gift_of_fire>
				<actions>
					<gift_of_fire_1>
						<apply type="string"></apply>
						<durmod type="string"></durmod>
						<durunit type="string"></durunit>
						<label type="string">Gift of Fire; DMG: 1d4 fire</label>
						<order type="number">1</order>
						<targeting type="string"></targeting>
						<type type="string">effect</type>
					</gift_of_fire_1>
				</actions>
				<class type="string">Wisdom</class>
				<damage type="string">1d4</damage>
				<damagetype type="string">fire</damagetype>
				<dc type="string">14</dc>
				<description type="formattedtext">
					<p>You cause the wielded weapons of your allies in a near area centered on you to leap into flame. These weapons do an additional 1d4 fire damage.</p>
					<p>Any newly acquired or drawn weapons are set on fire for each round the chant continues.</p>
				</description>
				<duration type="string">Focus</duration>
				<healing type="string"></healing>
				<level type="string"></level>
				<mult type="number"></mult>
				<name type="string">Gift of Fire</name>
				<opposed type="number"></opposed>
				<opposed_dc type="number"></opposed_dc>
				<opposedAbility type="string"></opposedAbility>
				<range type="string">Near</range>
				<shortdescription type="string"></shortdescription>
				<tier type="number">4</tier>
				<type type="string">Damage</type>
			</gift_of_fire>
