			<gift_of_earth>
				<actions>
					<gift_of_earth_1>
						<apply type="string"></apply>
						<durmod type="string"></durmod>
						<durunit type="string"></durunit>
						<label type="string">Gift of Earth; AC: 2; no movement</label>
						<order type="number">1</order>
						<targeting type="string"></targeting>
						<type type="string">effect</type>
					</gift_of_earth_1>
				</actions>
				<class type="string">Wisdom</class>
				<damage type="string"></damage>
				<damagetype type="string"></damagetype>
				<dc type="string">12</dc>
				<description type="formattedtext">
					<p>Your resonating chant causes yourself and your allies in a near area centered on you to become rooted in place and grow barklike skin, giving a +2 AC bonus.</p>
					<p>You and your allies are rooted in place until the chant ends.</p>
				</description>
				<duration type="string">Focus</duration>
				<healing type="string"></healing>
				<level type="string"></level>
				<mult type="number"></mult>
				<name type="string">Gift of Earth</name>
				<opposed type="number"></opposed>
				<opposed_dc type="number"></opposed_dc>
				<opposedAbility type="string"></opposedAbility>
				<range type="string">Near</range>
				<shortdescription type="string"></shortdescription>
				<tier type="number">2</tier>
				<type type="string"></type>
			</gift_of_earth>
