			<gift_of_air>
				<actions />
				<class type="string">Wisdom</class>
				<damage type="string"></damage>
				<damagetype type="string"></damagetype>
				<dc type="string">15</dc>
				<description type="formattedtext">
					<p>You have ADV on maintenance checks for this chant.</p>
					<linklist>
						<link class="imagewindow" recordname="image.gift_of_air">Image: Gift of Air</link>
					</linklist>
				</description>
				<duration type="string">Range: Near</duration>
				<healing type="string"></healing>
				<level type="string"></level>
				<mult type="number"></mult>
				<name type="string">Gift of Air</name>
				<opposed type="number"></opposed>
				<opposed_dc type="number"></opposed_dc>
				<opposedAbility type="string"></opposedAbility>
				<range type="string">Allies in a near area sprout majestic eagle wings, gifting them with flight. Allies can fly a near distance on their turn.</range>
				<shortdescription type="string"></shortdescription>
				<tier type="number">5</tier>
				<type type="string"></type>
			</gift_of_air>
