			<glassbones>
				<actions>
				<glassbones_1>
					<apply type="string"></apply>
					<durmod type="string"></durmod>
					<durunit type="string"></durunit>
					<label type="string">Glassbones; focus</label>
					<order type="number">1</order>
					<targeting type="string">self</targeting>
					<type type="string">effect</type>
				</glassbones_1>
				<glassbones_2>
					<apply type="string"></apply>
					<durmod type="string"></durmod>
					<durunit type="string"></durunit>
					<label type="string">VULN</label>
					<order type="number">2</order>
					<targeting type="string">target</targeting>
					<type type="string">effect</type>
				</glassbones_2>
				</actions>
				<class type="string">Charisma</class>
				<damage type="string"></damage>
				<damagetype type="string"></damagetype>
				<dc type="string">14</dc>
				<description type="formattedtext">
					<p>A creature you touch becomes fragile. It takes double damage for the spell's duration.</p>
				</description>
				<duration type="string">Focus</duration>
				<healing type="string"></healing>
				<level type="string"></level>
				<mult type="number"></mult>
				<name type="string">Glassbones</name>
				<opposed type="number"></opposed>
				<opposed_dc type="number"></opposed_dc>
				<opposedAbility type="string"></opposedAbility>
				<range type="string">Touch</range>
				<shortdescription type="string"></shortdescription>
				<tier type="number">4</tier>
				<type type="string"></type>
			</glassbones>
