			<grace_of_the_gazelle>
				<actions>
				<grace_of_the_gazelle_1>
					<apply type="string"></apply>
					<durmod type="string"></durmod>
					<durunit type="string"></durunit>
					<label type="string">ADVATK, ranged; ADVCHK: dexterity</label>
					<order type="number">1</order>
					<targeting type="string">target</targeting>
					<type type="string">effect</type>
				</grace_of_the_gazelle_1>
				</actions>
				<class type="string">Wisdom</class>
				<damage type="string"></damage>
				<damagetype type="string"></damagetype>
				<dc type="string">12</dc>
				<description type="formattedtext">
				</description>
				<duration type="string">Range: Near</duration>
				<healing type="string"></healing>
				<level type="string"></level>
				<mult type="number"></mult>
				<name type="string">Grace of the Gazelle</name>
				<opposed type="number"></opposed>
				<opposed_dc type="number"></opposed_dc>
				<opposedAbility type="string"></opposedAbility>
				<range type="string">You channel the spry spirit of the gazelle, granting you and your allies within a near distance from you advantage on all DEX checks and ranged attacks.</range>
				<shortdescription type="string"></shortdescription>
				<tier type="number">2</tier>
				<type type="string"></type>
			</grace_of_the_gazelle>
