			<grub_geyser>
				<actions>
				<grub_geyser_1>
					<apply type="string"></apply>
					<durmod type="string">5</durmod>
					<durunit type="string">rnd</durunit>
					<label type="string">DISADK; DMGO: 1d6 piercing; disadvantage to spell checks</label>
					<order type="number">1</order>
					<targeting type="string">target</targeting>
					<type type="string">effect</type>
				</grub_geyser_1>
				</actions>
				<class type="string">Constitution</class>
				<damage type="string">1d6</damage>
				<damagetype type="string">piercing</damagetype>
				<dc type="string">13</dc>
				<description type="formattedtext">
					<p>You breathe a stream of flesheating maggots at a close target. Target must make a CON vs. your spellcasting check check or take 1d6 piercing damage and suffer DISADV on attacks and spellcasting checks as long as they are covered in maggots.</p>
					<p>Target continues to take 1d6 piercing damage each round until the effect ends or until they take an action to brush them off.</p>
				</description>
				<duration type="string">5 rounds</duration>
				<healing type="string"></healing>
				<level type="string"></level>
				<mult type="number"></mult>
				<name type="string">Grub Geyser</name>
				<opposed type="number"></opposed>
				<opposed_dc type="number"></opposed_dc>
				<opposedAbility type="string"></opposedAbility>
				<range type="string">Close</range>
				<shortdescription type="string"></shortdescription>
				<tier type="number">3</tier>
				<type type="string">Damage</type>
			</grub_geyser>
