			<hallucinate>
				<actions>
				<hallucinate_1>
					<apply type="string"></apply>
					<durmod type="string"></durmod>
					<durunit type="string"></durunit>
					<label type="string">stunned</label>
					<order type="number">1</order>
					<targeting type="string">target</targeting>
					<type type="string">effect</type>
				</hallucinate_1>
				<hallucinate_2>
					<apply type="string"></apply>
					<durmod type="string"></durmod>
					<durunit type="string"></durunit>
					<label type="string">Hallucinate; focus</label>
					<order type="number">2</order>
					<targeting type="string">self</targeting>
					<type type="string">effect</type>
				</hallucinate_2>
				</actions>
				<class type="string">Wisdom</class>
				<damage type="string"></damage>
				<damagetype type="string"></damagetype>
				<dc type="string">13</dc>
				<description type="formattedtext">
					<p>One creature you target in near whose level is less than or equal to your own is overcome by visions of what might yet come to pass. For the spell's duration, the target cannot act on its turn unless it passes a Wisdom check equal to your last spellcasting check.</p>
				</description>
				<duration type="string">Focus</duration>
				<healing type="string"></healing>
				<level type="string"></level>
				<mult type="number"></mult>
				<name type="string">Hallucinate</name>
				<opposed type="number"></opposed>
				<opposed_dc type="number"></opposed_dc>
				<opposedAbility type="string"></opposedAbility>
				<range type="string">Near</range>
				<shortdescription type="string"></shortdescription>
				<tier type="number">3</tier>
				<type type="string"></type>
			</hallucinate>
