			<hold_portal>
				<actions>
					<hold_portal_1>
						<apply type="string"></apply>
						<durmod type="string">10</durmod>
						<durunit type="string">rnd</durunit>
						<label type="string">Hold Portal</label>
						<order type="number">1</order>
						<targeting type="string">self</targeting>
						<type type="string">effect</type>
					</hold_portal_1>
				</actions>
				<class type="string">Intelligence</class>
				<damage type="string"></damage>
				<damagetype type="string"></damagetype>
				<dc type="string">11</dc>
				<description type="formattedtext">
					<p>You magically hold a portal closed for the duration. A creature must make a strength check vs. your spellcasting check to open the portal. The knock spell ends this spell.</p>
				</description>
				<duration type="string">10 rounds</duration>
				<healing type="string"></healing>
				<level type="string"></level>
				<mult type="number"></mult>
				<name type="string">Hold Portal</name>
				<opposed type="number">1</opposed>
				<opposed_dc type="number">0</opposed_dc>
				<opposedAbility type="string">strength</opposedAbility>
				<range type="string">Near</range>
				<shortdescription type="string"></shortdescription>
				<tier type="number">1</tier>
				<type type="string"></type>
			</hold_portal>
