			<holy_weapon>
				<actions>
					<holy_weapon_1>
						<apply type="string"></apply>
						<durmod type="string">5</durmod>
						<durunit type="string">rnd</durunit>
						<label type="string">Holy Weapon; DMGTYPE: magic; ATK: 1; DMG: 1</label>
						<order type="number">1</order>
						<targeting type="string"></targeting>
						<type type="string">effect</type>
					</holy_weapon_1>
				</actions>
				<class type="string">Wisdom</class>
				<damage type="string"></damage>
				<damagetype type="string"></damagetype>
				<dc type="string">11</dc>
				<description type="formattedtext">
					<p>One weapon you touch is imbued with a sacred blessing. The weapon becomes magical and has +1 to attack and damage rolls for the duration.</p>
				</description>
				<duration type="string">5 rounds</duration>
				<healing type="string"></healing>
				<level type="string"></level>
				<mult type="number"></mult>
				<name type="string">Holy Weapon</name>
				<opposed type="number"></opposed>
				<opposed_dc type="number"></opposed_dc>
				<opposedAbility type="string"></opposedAbility>
				<range type="string">Close</range>
				<shortdescription type="string"></shortdescription>
				<tier type="number">1</tier>
				<type type="string"></type>
			</holy_weapon>
