			<hypnotize>
				<actions>
				<hypnotize_1>
					<apply type="string"></apply>
					<durmod type="string"></durmod>
					<durunit type="string"></durunit>
					<label type="string">Hypnotize; focus</label>
					<order type="number">1</order>
					<targeting type="string">self</targeting>
					<type type="string">effect</type>
				</hypnotize_1>
				<hypnotize_2>
					<apply type="string"></apply>
					<durmod type="string"></durmod>
					<durunit type="string"></durunit>
					<label type="string">stunned</label>
					<order type="number">2</order>
					<targeting type="string">target</targeting>
					<type type="string">effect</type>
				</hypnotize_2>
				</actions>
				<class type="string">Charisma</class>
				<damage type="string"></damage>
				<damagetype type="string"></damagetype>
				<dc type="string">11</dc>
				<description type="formattedtext">
					<p>One creature of LV 3 or less that can see you is rendered stupefied. Breaking the creature's line of sight to you allows it to make a DC 15 Charisma check. On a success, the spell ends.</p>
				</description>
				<duration type="string">Focus</duration>
				<healing type="string"></healing>
				<level type="string"></level>
				<mult type="number"></mult>
				<name type="string">Hypnotize</name>
				<opposed type="number">1</opposed>
				<opposed_dc type="number">15</opposed_dc>
				<opposedAbility type="string">charisma</opposedAbility>
				<range type="string">Near</range>
				<shortdescription type="string"></shortdescription>
				<tier type="number">1</tier>
				<type type="string"></type>
			</hypnotize>
