			<illusion>
				<actions>
				<illusion_1>
					<apply type="string"></apply>
					<durmod type="string"></durmod>
					<durunit type="string"></durunit>
					<label type="string">Illusion; focus</label>
					<order type="number">1</order>
					<targeting type="string">self</targeting>
					<type type="string">effect</type>
				</illusion_1>
				</actions>
				<class type="string">Intelligence</class>
				<damage type="string"></damage>
				<damagetype type="string"></damagetype>
				<dc type="string">13</dc>
				<description type="formattedtext">
					<p>You create a convincing visible and audible illusion that fills up to a near-sized cube in range. The illusion cannot cause harm, but creatures who believe the illusion is real react to it as though it were. A creature who inspects the illusion from afar must pass a Wisdom check vs. your last spellcasting check to perceive the false nature of the illusion. Touching the illusion also reveals its false nature.</p>
				</description>
				<duration type="string">Focus</duration>
				<healing type="string"></healing>
				<level type="string"></level>
				<mult type="number"></mult>
				<name type="string">Illusion</name>
				<opposed type="number">1</opposed>
				<opposed_dc type="number">0</opposed_dc>
				<opposedAbility type="string">wisdom</opposedAbility>
				<range type="string">Far</range>
				<shortdescription type="string"></shortdescription>
				<tier type="number">3</tier>
				<type type="string"></type>
			</illusion>
