			<killing_shriek>
				<actions />
				<class type="string">Constitution</class>
				<damage type="string"></damage>
				<damagetype type="string"></damagetype>
				<dc type="string">15</dc>
				<description type="formattedtext">
					<p>You let out a mind-shattering scream that instantly slays any living beings who hear it. Living beings within near range of you must make a CON check vs. your spellcasting check or die. Creatures above LV 9 are immune.</p>
					<linklist>
						<link class="imagewindow" recordname="image.killing_shriek">Image: Killing Shriek</link>
					</linklist>
				</description>
				<duration type="string">Instant</duration>
				<healing type="string"></healing>
				<level type="string"></level>
				<mult type="number"></mult>
				<name type="string">Killing Shriek</name>
				<opposed type="number">1</opposed>
				<opposed_dc type="number">0</opposed_dc>
				<opposedAbility type="string">con</opposedAbility>
				<range type="string">Near</range>
				<shortdescription type="string"></shortdescription>
				<tier type="number">5</tier>
				<type type="string"></type>
			</killing_shriek>
