			<life_wolf>
				<actions />
				<class type="string">Wisdom</class>
				<damage type="string"></damage>
				<damagetype type="string"></damagetype>
				<dc type="string">14</dc>
				<description type="formattedtext">
					<p>You summon a celestial life wolf (see NPC record) that acts on your turn. It spends its movement and actions to save your dying and unconscious allies, using one action to magically heal them to 1 HP.</p>
					<p>Once no more allies are dying, the wolf vanishes.</p>
					<p>If you drop to 0 HP while the life wolf is active, it will turn its attention to you, and vanish after saving you, even if others still require aid.</p>
					<linklist>
						<link class="imagewindow" recordname="image.life_wolf">Image: Life Wolf</link>
					</linklist>
				</description>
				<duration type="string">Until allies are stable</duration>
				<healing type="string"></healing>
				<level type="string"></level>
				<mult type="number"></mult>
				<name type="string">Life Wolf</name>
				<opposed type="number"></opposed>
				<opposed_dc type="number"></opposed_dc>
				<opposedAbility type="string"></opposedAbility>
				<range type="string">Near</range>
				<shortdescription type="string"></shortdescription>
				<tier type="number">4</tier>
				<type type="string"></type>
			</life_wolf>
