			<lightning_bolt>
				<actions />
				<class type="string">Intelligence</class>
				<damage type="string">3d6</damage>
				<damagetype type="string">lightning</damagetype>
				<dc type="string">13</dc>
				<description type="formattedtext">
					<p>You shoot a blue-white ray of lightning from your hands, hitting all creatures in a straight line out to a far distance. Creatures struck by the lightning take 3d6 lightning damage.</p>
					<linklist>
						<link class="imagewindow" recordname="image.lightning_bolt">Image: Lightning Bolt</link>
					</linklist>
				</description>
				<duration type="string">Instant</duration>
				<healing type="string"></healing>
				<level type="string"></level>
				<mult type="number"></mult>
				<name type="string">Lightning Bolt</name>
				<opposed type="number"></opposed>
				<opposed_dc type="number"></opposed_dc>
				<opposedAbility type="string"></opposedAbility>
				<range type="string">Far</range>
				<shortdescription type="string"></shortdescription>
				<tier type="number">3</tier>
				<type type="string">Damage</type>
			</lightning_bolt>
