			<living_revelation>
				<actions />
				<class type="string">Wisdom</class>
				<damage type="string"></damage>
				<damagetype type="string"></damagetype>
				<dc type="string">15</dc>
				<description type="formattedtext">
					<p>The chant reveals creatures behind walls up to a far distance, but the sound cannot penetrate through double walls.</p>
				</description>
				<duration type="string">Range: Far</duration>
				<healing type="string"></healing>
				<level type="string"></level>
				<mult type="number"></mult>
				<name type="string">Living Revelation</name>
				<opposed type="number"></opposed>
				<opposed_dc type="number"></opposed_dc>
				<opposedAbility type="string"></opposedAbility>
				<range type="string">Your rhythmic chant pierces through walls and doors, revealing the presence of living creatures beyond. You can determine their approximate size, shape, and location.</range>
				<shortdescription type="string"></shortdescription>
				<tier type="number">5</tier>
				<type type="string"></type>
			</living_revelation>
