			<mass_cure>
				<actions />
				<class type="string">Wisdom</class>
				<damage type="string"></damage>
				<damagetype type="string"></damagetype>
				<dc type="string">13</dc>
				<description type="formattedtext">
					<p>All allies within near range of you regain 2d6 hit points.</p>
				</description>
				<duration type="string">Instant</duration>
				<healing type="string">2d6</healing>
				<level type="string"></level>
				<mult type="number"></mult>
				<name type="string">Mass Cure</name>
				<opposed type="number"></opposed>
				<opposed_dc type="number"></opposed_dc>
				<opposedAbility type="string"></opposedAbility>
				<range type="string">Near</range>
				<shortdescription type="string"></shortdescription>
				<tier type="number">3</tier>
				<type type="string">Healing</type>
			</mass_cure>
