			<moonbeam>
				<actions />
				<class type="string">Charisma</class>
				<damage type="string">3d6</damage>
				<damagetype type="string">radiant</damagetype>
				<dc type="string">14</dc>
				<description type="formattedtext">
					<p>A wavering ray of silvery moonlight strikes one creature within far. It takes 3d6 radiant damage.</p>
				</description>
				<duration type="string">Instant</duration>
				<healing type="string"></healing>
				<level type="string"></level>
				<mult type="number"></mult>
				<name type="string">Moonbeam</name>
				<opposed type="number"></opposed>
				<opposed_dc type="number"></opposed_dc>
				<opposedAbility type="string"></opposedAbility>
				<range type="string">Far</range>
				<shortdescription type="string"></shortdescription>
				<tier type="number">4</tier>
				<type type="string">Damage</type>
			</moonbeam>
