			<mummify>
				<actions />
				<class type="string">Constitution</class>
				<damage type="string"></damage>
				<damagetype type="string"></damagetype>
				<dc type="string">15</dc>
				<description type="formattedtext">
					<p>After a day of preparation and ceremony, you embalm a corpse as a mummy who acts on your turn. Mummies deteriorate when walking long distances, but can be carried in a casket or left to guard a location. This minion does not count against the LV limit of other raised undead minions.</p>
				</description>
				<duration type="string">Permanent</duration>
				<healing type="string"></healing>
				<level type="string"></level>
				<mult type="number"></mult>
				<name type="string">Mummify</name>
				<opposed type="number"></opposed>
				<opposed_dc type="number"></opposed_dc>
				<opposedAbility type="string"></opposedAbility>
				<range type="string">Close</range>
				<shortdescription type="string"></shortdescription>
				<tier type="number">5</tier>
				<type type="string"></type>
			</mummify>
