			<odins_wisdom>
				<actions />
				<class type="string">Wisdom</class>
				<damage type="string"></damage>
				<damagetype type="string"></damagetype>
				<dc type="string">14</dc>
				<description type="formattedtext">
					<p>For the spell's duration, add your level as an additional bonus to your Wisdom checks and spellcasting checks.</p>
				</description>
				<duration type="string">1d6 rounds</duration>
				<healing type="string"></healing>
				<level type="string"></level>
				<mult type="number"></mult>
				<name type="string">Odin's Wisdom</name>
				<opposed type="number"></opposed>
				<opposed_dc type="number"></opposed_dc>
				<opposedAbility type="string"></opposedAbility>
				<range type="string">Self</range>
				<shortdescription type="string"></shortdescription>
				<tier type="number">4</tier>
				<type type="string"></type>
			</odins_wisdom>
