			<plantidote>
				<actions />
				<class type="string">Wisdom</class>
				<damage type="string">1d4</damage>
				<damagetype type="string">stat</damagetype>
				<dc type="string">13</dc>
				<description type="formattedtext">
					<p>You cause a curative plant to spring from any surface within a near distance from you.</p>
					<p>Consuming the plant neutralizes poison, disease, or heals 1d4 stat damage.</p>
				</description>
				<duration type="string">Instant</duration>
				<healing type="string"></healing>
				<level type="string"></level>
				<mult type="number"></mult>
				<name type="string">Plantidote</name>
				<opposed type="number"></opposed>
				<opposed_dc type="number"></opposed_dc>
				<opposedAbility type="string"></opposedAbility>
				<range type="string">Near</range>
				<shortdescription type="string"></shortdescription>
				<tier type="number">3</tier>
				<type type="string">Damage</type>
			</plantidote>
