			<plane_shift_priest>
				<actions />
				<class type="string">Wisdom</class>
				<damage type="string"></damage>
				<damagetype type="string"></damagetype>
				<dc type="string">15</dc>
				<description type="formattedtext">
					<p>You fold space and time, transporting yourself and all willing creatures within close range to a location on another plane of your choice. Unless you have been to your intended location before, you appear in a random place on the destination plane.</p>
					<linklist>
						<link class="imagewindow" recordname="image.plane_shift">Image: Plane Shift</link>
					</linklist>
				</description>
				<duration type="string">Instant</duration>
				<healing type="string"></healing>
				<level type="string"></level>
				<mult type="number"></mult>
				<name type="string">Plane Shift (Priest)</name>
				<opposed type="number"></opposed>
				<opposed_dc type="number"></opposed_dc>
				<opposedAbility type="string"></opposedAbility>
				<range type="string">Close</range>
				<shortdescription type="string"></shortdescription>
				<tier type="number">5</tier>
				<type type="string"></type>
			</plane_shift_priest>
