			<poison>
				<actions>
				<poison_1>
					<apply type="string"></apply>
					<durmod type="string">5</durmod>
					<durunit type="string">rnd</durunit>
					<label type="string">Poison</label>
					<order type="number">1</order>
					<targeting type="string">self</targeting>
					<type type="string">effect</type>
				</poison_1>
				</actions>
				<class type="string">Charisma</class>
				<damage type="string">1d6</damage>
				<damagetype type="string">poison</damagetype>
				<dc type="string">12</dc>
				<description type="formattedtext">
					<p>One worn or carried object you touch becomes toxic for the spell's duration. Any creature in contact with the object at the start of its turn takes 1d6 poison damage.</p>
				</description>
				<duration type="string">5 rounds</duration>
				<healing type="string"></healing>
				<level type="string"></level>
				<mult type="number"></mult>
				<name type="string">Poison</name>
				<opposed type="number"></opposed>
				<opposed_dc type="number"></opposed_dc>
				<opposedAbility type="string"></opposedAbility>
				<range type="string">Touch</range>
				<shortdescription type="string"></shortdescription>
				<tier type="number">2</tier>
				<type type="string">Damage</type>
			</poison>
