			<polymorph>
				<actions>
				<polymorph_1>
					<apply type="string"></apply>
					<durmod type="string">10</durmod>
					<durunit type="string">rnd</durunit>
					<label type="string"></label>
					<order type="number">1</order>
					<targeting type="string">target</targeting>
					<type type="string">effect</type>
				</polymorph_1>
				</actions>
				<class type="string">Charisma</class>
				<damage type="string"></damage>
				<damagetype type="string"></damagetype>
				<dc type="string">14</dc>
				<description type="formattedtext">
					<p>You transform a creature you touch into another natural creature you choose of equal or smaller size. Any gear the target carries melds into its new form. The target gains the creature's hit points, armor class, and attacks, but retains its intellect. If the target goes to 0 hit points, it reverts to its true form at half its prior hit points. You can target any willing creature with this spell, or an unwilling creature whose level is less than or equal to half your level rounded down (minimum 1).</p>
				</description>
				<duration type="string">10 rounds</duration>
				<healing type="string"></healing>
				<level type="string"></level>
				<mult type="number"></mult>
				<name type="string">Polymorph</name>
				<opposed type="number"></opposed>
				<opposed_dc type="number"></opposed_dc>
				<opposedAbility type="string"></opposedAbility>
				<range type="string">Touch</range>
				<shortdescription type="string"></shortdescription>
				<tier type="number">4</tier>
				<type type="string"></type>
			</polymorph>
