			<protection_from_evil_wizard>
				<actions>
					<protection_from_evil_1>
						<apply type="string"></apply>
						<durmod type="string"></durmod>
						<durunit type="string"></durunit>
						<label type="string">Protection from Evil; focus</label>
						<order type="number">1</order>
						<targeting type="string">self</targeting>
						<type type="string">effect</type>
					</protection_from_evil_1>
					<protection_from_evil_2>
						<apply type="string">roll</apply>
						<durmod type="string"></durmod>
						<durunit type="string"></durunit>
						<label type="string">Protection from Evil; GRANTDISATK</label>
						<order type="number">2</order>
						<targeting type="string">self</targeting>
						<type type="string">effect</type>
					</protection_from_evil_2>
				</actions>
				<class type="string">Intelligence</class>
				<damage type="string"></damage>
				<damagetype type="string"></damagetype>
				<dc type="string">11</dc>
				<description type="formattedtext">
					<p>For the spell’s duration, chaotic beings have disadvantage on attack rolls and hostile spellcasting checks against the target. These beings also can’t possess, compel, or beguile it. When cast on an already-possessed target, the possessing entity makes a Charisma check vs. the last spellcasting check. On a failure, the entity is expelled. [After applying the effect, target this effect only at Chaotic beings by holding down SHIFT and dragging the effect to those beings.]</p>
					<linklist>
						<link class="imagewindow" recordname="image.protection_from_evil">Image: Protection from Evil</link>
					</linklist>
				</description>
				<duration type="string">Focus</duration>
				<healing type="string"></healing>
				<level type="string"></level>
				<mult type="number"></mult>
				<name type="string">Protection from Evil (Wizard)</name>
				<opposed type="number">1</opposed>
				<opposed_dc type="number">0</opposed_dc>
				<opposedAbility type="string">charisma</opposedAbility>
				<range type="string">Close</range>
				<shortdescription type="string"></shortdescription>
				<tier type="number">1</tier>
				<type type="string"></type>
			</protection_from_evil_wizard>
