			<puppet>
				<actions>
				<puppet_1>
					<apply type="string"></apply>
					<durmod type="string"></durmod>
					<durunit type="string"></durunit>
					<label type="string">Puppet; focus</label>
					<order type="number">1</order>
					<targeting type="string">self</targeting>
					<type type="string">effect</type>
				</puppet_1>
				</actions>
				<class type="string">Charisma</class>
				<damage type="string"></damage>
				<damagetype type="string"></damagetype>
				<dc type="string">11</dc>
				<description type="formattedtext">
					<p>One humanoid creature of LV 2 or less you touch becomes ensnared by your movements. On your turn, the creature mimics all your movements. If mimicking you would cause the creature to directly harm itself or an ally, it can make a DC 15 Charisma check. On a success, it resists mimicking you.</p>
				</description>
				<duration type="string">Focus</duration>
				<healing type="string"></healing>
				<level type="string"></level>
				<mult type="number"></mult>
				<name type="string">Puppet</name>
				<opposed type="number">1</opposed>
				<opposed_dc type="number">15</opposed_dc>
				<opposedAbility type="string">charisma</opposedAbility>
				<range type="string">Touch</range>
				<shortdescription type="string"></shortdescription>
				<tier type="number">1</tier>
				<type type="string"></type>
			</puppet>
