			<rebuke_unholy>
				<actions />
				<class type="string">Wisdom</class>
				<damage type="string"></damage>
				<damagetype type="string"></damagetype>
				<dc type="string">13</dc>
				<description type="formattedtext">
					<p>You rebuke creatures who oppose your alignment, forcing them to flee. You must present a holy symbol to cast this spell. If you are lawful or neutral, this spell affects demons, devils, and outsiders. If you are chaotic, this spell affects angels and natural creatures of the wild. Affected creatures within near of you must make a charisma check vs. your spellcasting check. If a creature fails by 10+ points and is equal to or less than your level, it is destroyed. Otherwise, on a fail, it flees from you for 5 rounds.</p>
				</description>
				<duration type="string">Instant</duration>
				<healing type="string"></healing>
				<level type="string"></level>
				<mult type="number"></mult>
				<name type="string">Rebuke Unholy</name>
				<opposed type="number">1</opposed>
				<opposed_dc type="number">0</opposed_dc>
				<opposedAbility type="string">charisma</opposedAbility>
				<range type="string">Near</range>
				<shortdescription type="string"></shortdescription>
				<tier type="number">3</tier>
				<type type="string"></type>
			</rebuke_unholy>
