			<alabaster_destrier>
				<cost type="string"></cost>
				<description type="formattedtext">
				<p><i>A smooth, pearly statuette of a running horse.</i></p>
				<p><b>Benefit.</b> Once per day, the wielder can speak the command word to turn the statuette into a pegasus that accepts neutral or lawful riders. The statuette remains in this form for 1 hour.</p>
				</description>
				<name type="string">Alabaster Destrier</name>
				<nonid_name type="string">Unidentified item</nonid_name>
				<nonidentified type="string"></nonidentified>
				<picture type="token">campaign/images/Alabaster Destrier.webp</picture>
				<type type="string">Misc. Magic</type>
				<weight type="number">1</weight>
			</alabaster_destrier>
