			<armor_of_the_oni>
				<ac type="number">16</ac>
				<cost type="string"></cost>
				<count type="number">1</count>
				<description type="formattedtext">
					<p>Cannot swim; Disadvantage on stealth checks.</p>
					<p><i>Black plate mail of lacquered, ironwood panels. The helm's visor is the face of a snarling oni.</i></p>
					<p><b>Bonus.</b> +1 plate mail.</p>
					<p><b>Benefit.</b> You can speak and understand Diabolic. Your melee weapon attacks deal +1 damage.</p>
					<p><b>Curse.</b> You have disadvantage on attacks and spellcasting checks against demons.</p>
				</description>
				<name type="string">Armor of the Oni</name>
				<nodex type="number">1</nodex>
				<nonid_name type="string">Unidentified item</nonid_name>
				<nonidentified type="string"></nonidentified>
				<type type="string">Armor</type>
				<weight type="number">3</weight>
			</armor_of_the_oni>
