			<axe_of_nine_eyes>
				<attacktype type="string">Melee</attacktype>
				<cost type="string"></cost>
				<damage type="string">1d8+1</damage>
				<damagetype type="string">slashing, magic</damagetype>
				<description type="formattedtext">
				<p><i>A silvery, +1 greataxe with nine open eyes engraved on its blade. Its wielder can learn the True Name of up to 9 creatures total. An eye closes each time this is used.</i></p>
				</description>
				<finesse type="number">0</finesse>
				<item_attack_bonus type="number">1</item_attack_bonus>
				<loading type="number"></loading>
				<name type="string">Axe of Nine Eyes</name>
				<nonid_name type="string">Unidentified item</nonid_name>
				<nonidentified type="string"></nonidentified>
				<range type="string">Close</range>
				<thrown type="number">0</thrown>
				<twohanded type="number">0</twohanded>
				<type type="string">Weapon</type>
				<versatile type="number">1</versatile>
				<versatile_damage type="string">1d10+1</versatile_damage>
				<weight type="number">2</weight>
			</axe_of_nine_eyes>
