			<bag_of_devouring>
				<cost type="string"></cost>
				<description type="formattedtext">
				<p><i>A worn, leather pouch with tight drawstrings.</i></p>
				<p><b>Curse.</b> This bag devours and destroys anything placed inside it in 1d6 rounds.</p>
				</description>
				<name type="string">Bag of Devouring</name>
				<nonid_name type="string">Unidentified item</nonid_name>
				<nonidentified type="string"></nonidentified>
				<picture type="token">campaign/images/Bag of Devouring.webp</picture>
				<type type="string">Misc. Magic</type>
				<weight type="number">1</weight>
			</bag_of_devouring>
