			<bead_of_force>
				<cost type="string"></cost>
				<description type="formattedtext">
					<p><i>A marble with a blue ring of light glowing softly inside it.</i></p>
					<p><b>Benefit.</b> You can throw this bead at one target up to a near distance. If you hit, the target becomes caught in a resilient sphere spell.</p>
				<linklist>
					<link class="power" recordname="reference.power.resilient_sphere@IPFGSDTALCOREPLAYER">Spell: Resilient Sphere</link>
				</linklist>
				</description>
				<name type="string">Bead of Force</name>
				<nonid_name type="string">Unidentified item</nonid_name>
				<nonidentified type="string"></nonidentified>
				<type type="string">Misc. Magic</type>
				<weight type="number">1</weight>
			</bead_of_force>
