			<blade_of_vengeance>
				<attacktype type="string">Melee</attacktype>
				<cost type="string"></cost>
				<damage type="string">1d8+2</damage>
				<damagetype type="string">slashing, magic</damagetype>
				<description type="formattedtext">
					<p><i>A gray blade with a diamond-cut ruby in the pommel. It whistles sharply with each slice.</i></p>
				<p><b>Bonus.</b> +2 bastard sword. Cannot be wielded by undead.</p>
				<p><b>Benefit.</b> You have advantage on attacks against undead creatures with this sword. You can use the sword to cast turn undead once per day (+4 bonus).</p>
				<p><b>Personality.</b> Lawful. Grim, suspicious. Forged as a fail-safe against the Witch-Kings if they should fall to darkness, which they did. Demands they be slain.</p>
				</description>
				<finesse type="number">0</finesse>
				<item_attack_bonus type="number">2</item_attack_bonus>
				<loading type="number"></loading>
				<name type="string">Blade of Vengeance</name>
				<nonid_name type="string">Unidentified item</nonid_name>
				<nonidentified type="string"></nonidentified>
				<picture type="token">campaign/images/Blade of Vengeance.webp</picture>
				<range type="string">Close</range>
				<thrown type="number">0</thrown>
				<twohanded type="number">0</twohanded>
				<type type="string">Weapon</type>
				<versatile type="number">1</versatile>
				<versatile_damage type="string">1d10+2</versatile_damage>
				<weight type="number">2</weight>
			</blade_of_vengeance>
