			<boots_of_hovering>
				<cost type="string"></cost>
				<description type="formattedtext">
				<p><i>Brown, sturdy boots polished to a sheen. Small, silver wings adorn the heels.</i></p>
				<p><b>Benefit.</b> You can walk on an insubstantial surface for 1 turn at a time. You fall through the surface if you end your turn on it.</p>
				</description>
				<name type="string">Boots of Hovering</name>
				<nonid_name type="string">Unidentified item</nonid_name>
				<nonidentified type="string"></nonidentified>
				<picture type="token">campaign/images/Boots of Hovering.webp</picture>
				<type type="string">Clothing</type>
				<weight type="number">1</weight>
			</boots_of_hovering>
