			<bracers_of_defense>
				<cost type="string"></cost>
				<description type="formattedtext">
					<p><i>Steel bracers traced with dwarvish runes of protection.</i></p>
					<p><b>Benefit.</b> You get a +1 bonus to your armor class.</p>
				</description>
				<name type="string">Bracers of Defense</name>
				<nonid_name type="string">Unidentified item</nonid_name>
				<nonidentified type="string"></nonidentified>
				<type type="string">Armor</type>
				<weight type="number">1</weight>
			</bracers_of_defense>
