			<caltrops>
				<cost type="string">5 sp</cost>
				<description type="formattedtext">
					<p>Tiny, triangle-shaped iron spikes. Living creatures who step on caltrops take 1 damage and can only move at half speed for 10 rounds.</p>
				</description>
				<name type="string">Caltrops</name>
				<nonid_name type="string">Unidentified item</nonid_name>
				<nonidentified type="string"></nonidentified>
				<type type="string">Equipment</type>
				<weight type="number">1</weight>
			</caltrops>
