			<chainmail>
				<ac type="number">13</ac>
				<cost type="string">60 gp</cost>
				<count type="number">1</count>
				<description type="formattedtext">
					<p>Disadvantage on stealth checks and swim checks.</p>
				</description>
				<name type="string">Chainmail</name>
				<nodex type="number"></nodex>
				<nonid_name type="string">Unidentified item</nonid_name>
				<nonidentified type="string"></nonidentified>
				<type type="string">Armor</type>
				<weight type="number">2</weight>
			</chainmail>
