			<circlet_of_wisdom>
				<cost type="string"></cost>
				<description type="formattedtext">
				<p><i>A thin, silver circlet set with a shimmering, blue pearl.</i></p>
				<p><b>Benefit.</b> Your Wisdom stat becomes 18 (+4) while wearing this circlet.</p>
				</description>
				<name type="string">Circlet of Wisdom</name>
				<nonid_name type="string">Unidentified item</nonid_name>
				<nonidentified type="string"></nonidentified>
				<picture type="token">campaign/images/Circlet of Wisdom.webp</picture>
				<type type="string">Jewelry</type>
				<weight type="number">1</weight>
			</circlet_of_wisdom>
