			<cloak_of_elvenkind>
				<cost type="string"></cost>
				<description type="formattedtext">
					<p><i>A hooded, billowing cloak that shifts colors to match its surroundings.</i></p>
					<p><b>Benefit.</b> Your checks to hide are always easy (DC 9). Once per day, you can become invisible for 5 rounds. The invisibility ends if you attack or cast a spell.</p>
				</description>
				<name type="string">Cloak of Elvenkind</name>
				<nonid_name type="string">Unidentified item</nonid_name>
				<nonidentified type="string"></nonidentified>
				<type type="string">Clothing</type>
				<weight type="number">1</weight>
			</cloak_of_elvenkind>
