			<crypt_keepers_key>
				<cost type="string"></cost>
				<description type="formattedtext">
				<p><i>Old bone key with a silver inlay.</i></p>
				<p><b>Benefit</b> Touch the key to any animated undead up to LV 9 to release the imprisoned soul and dissolve into grave dust.</p>
				<p><b>Curse</b> If used to release soul from an animated undead LV 6 or above, key explodes, destroying it and causing 1d6.</p>
				</description>
				<name type="string">Crypt Keeper's Key</name>
				<nonid_name type="string">Unidentified item</nonid_name>
				<nonidentified type="string"></nonidentified>
				<picture type="token">campaign/images/Crypt Keeper's Key.webp</picture>
				<type type="string">Misc. Magic</type>
				<weight type="number">1</weight>
			</crypt_keepers_key>
