			<crystal_ball>
				<cost type="string"></cost>
				<description type="formattedtext">
				<p><i>A flawless glass orb with roiling images swirling inside it.</i></p>
				<p><b>Benefit.</b> Only wizards can use a Crystal Ball. You can use it to cast the scrying spell. If you fail the spellcasting check to cast scrying, the Crystal Ball ceases to function for a day.</p>
				<linklist>
					<link class="power" recordname="reference.power.scrying@IPFGSDTALCOREPLAYER">Spell: Scrying</link>
				</linklist>
				</description>
				<name type="string">Crystal Ball</name>
				<nonid_name type="string">Unidentified item</nonid_name>
				<nonidentified type="string"></nonidentified>
				<picture type="token">campaign/images/Crystal Ball.webp</picture>
				<type type="string">Misc. Magic</type>
				<weight type="number">1</weight>
			</crystal_ball>
