			<dagger_of_the_goblin_hero>
				<attacktype type="string">Melee/Ranged</attacktype>
				<cost type="string"></cost>
				<damage type="string">1d4+1</damage>
				<damagetype type="string">piercing, magic</damagetype>
				<description type="formattedtext">
					<p><i>A curved dagger with a half-moon notch at the blade's base.</i></p>
				<p><b>Bonus.</b> +1 dagger.</p>
				<p><b>Benefit.</b> You can speak Goblin. All goblinoid creatures react to you with a friendly attitude.</p>
				</description>
				<finesse type="number">1</finesse>
				<item_attack_bonus type="number">1</item_attack_bonus>
				<loading type="number"></loading>
				<name type="string">Dagger of the Goblin Hero</name>
				<nonid_name type="string">Unidentified item</nonid_name>
				<nonidentified type="string"></nonidentified>
				<picture type="token">campaign/images/Dagger of the Goblin Hero.webp</picture>
				<range type="string">Close/Near</range>
				<thrown type="number">1</thrown>
				<twohanded type="number">0</twohanded>
				<type type="string">Weapon</type>
				<versatile type="number">0</versatile>
				<versatile_damage type="string"></versatile_damage>
				<weight type="number">1</weight>
			</dagger_of_the_goblin_hero>
