			<dread_hook_wand>
				<cost type="string"></cost>
				<description type="formattedtext">
					<p><i>Pearly, smooth bone wand.</i></p>
					<p><b>Benefit</b> Summons an enraged dread hook within near that arrives immediately and acts after your turn.</p>
					<p><b>Curse</b> You have no control over this beast.</p>
				</description>
				<name type="string">Dread Hook Wand</name>
				<nonid_name type="string">Unidentified item</nonid_name>
				<nonidentified type="string"></nonidentified>
				<type type="string">Wand</type>
				<weight type="number">1</weight>
			</dread_hook_wand>
