			<drum_of_the_spirit_walker>
				<cost type="string"></cost>
				<description type="formattedtext">
				<p><i>A timeworn shaman's drum, stretched with a mosaic of exotic animal skins.</i></p>
				<p><b>Benefit</b> When used by a shaman, it doubles healing circle benefits, granting an extra die of healing and allowing spellcasters and herbalists to recover 2 spells or elixers.</p>
				</description>
				<name type="string">Drum of the Spirit Walker</name>
				<nonid_name type="string">Unidentified item</nonid_name>
				<nonidentified type="string"></nonidentified>
				<picture type="token">campaign/images/Drum of the Spirit Walker.webp</picture>
				<type type="string">Misc. Magic</type>
				<weight type="number">1</weight>
			</drum_of_the_spirit_walker>
