			<egg_of_the_cockatrice>
				<cost type="string"></cost>
				<description type="formattedtext">
					<p><i>A blue, hard egg as big as a coconut and heavy as a stone.</i></p>
					<p><b>Benefit.</b> Once per week, you can speak a command word that causes a cockatrice to hatch and follow your commands for 5 rounds before flying away. The egg repairs itself over one week.</p>
				</description>
				<name type="string">Egg of the Cockatrice</name>
				<nonid_name type="string">Unidentified item</nonid_name>
				<nonidentified type="string"></nonidentified>
				<type type="string">Misc. Magic</type>
				<weight type="number">1</weight>
			</egg_of_the_cockatrice>
