			<genie_lamp>
				<cost type="string"></cost>
				<description type="formattedtext">
					<p><i>A tarnished, brass oil lamp.</i></p>
					<p><b>Benefit.</b> Rubbing the lamp causes its resident djinni (50% chance) or efreeti (50% chance) to emerge. A djinni grants its summoner one wish spell before disappearing. An efreeti does the same, but only after being defeated in combat.</p>
				<linklist>
					<link class="power" recordname="reference.power.wish@IPFGSDTALCOREPLAYER">Spell: Wish</link>
				</linklist>
				</description>
				<name type="string">Genie Lamp</name>
				<nonid_name type="string">Unidentified item</nonid_name>
				<nonidentified type="string"></nonidentified>
				<type type="string">Misc. Magic</type>
				<weight type="number">1</weight>
			</genie_lamp>
