			<gloves_of_agility>
				<cost type="string"></cost>
				<description type="formattedtext">
				<p><i>Thin, leather gloves that seem to meld with the wearer's hands.</i></p>
				<p><b>Benefit.</b> Your Dexterity stat becomes 18 (+4) while wearing these gloves.</p>
				</description>
				<name type="string">Gloves of Agility</name>
				<nonid_name type="string">Unidentified item</nonid_name>
				<nonidentified type="string"></nonidentified>
				<picture type="token">campaign/images/Gloves of Agility.webp</picture>
				<type type="string">Clothing</type>
				<weight type="number">1</weight>
			</gloves_of_agility>
