			<gravestone_shield>
				<ac type="number">3</ac>
				<cost type="string"></cost>
				<count type="number">1</count>
				<description type="formattedtext">
					<p>Occupies one hand.</p>
					<p><i>A heavy shield carved from a tombstone.</i></p>
					<p><b>Bonus</b> +1 magical shield. +2 vs. attacks from undead.</p>
					<p><b>Benefit</b> Provides ADV on checks from undead abilities.</p>
					<p><b>Curse</b> A STR of 17 or greater is required to use the shield.</p>
				</description>
				<name type="string">Gravestone Shield</name>
				<nodex type="number"></nodex>
				<nonid_name type="string">Unidentified item</nonid_name>
				<nonidentified type="string"></nonidentified>
				<type type="string">Shield</type>
				<weight type="number">1</weight>
			</gravestone_shield>
