			<helm_of_mind_reading>
				<cost type="string"></cost>
				<description type="formattedtext">
					<p><i>A helm carved with brain ridges, a spinal neck-guard, and octopus-like tentacles.</i></p>
					<p><b>Benefit.</b> You can cast the detect thoughts spell three times per day (+4 bonus).</p>
				</description>
				<name type="string">Helm of Mind Reading</name>
				<nonid_name type="string">Unidentified item</nonid_name>
				<nonidentified type="string"></nonidentified>
				<type type="string">Armor</type>
				<weight type="number">1</weight>
			</helm_of_mind_reading>
