			<herbalists_secret_serum>
				<cost type="string"></cost>
				<description type="formattedtext">
					<p><i>Yellowish red liquid that smells of the spiky snake fruit, salak.</i></p>
					<p><b>Benefit</b> When you use as a primary ingredient in an elixir or remedy, you gain advantage on any elixir checks. Enough for 5 uses.</p>
				</description>
				<name type="string">Herbalist's Secret Serum</name>
				<nonid_name type="string">Unidentified item</nonid_name>
				<nonidentified type="string"></nonidentified>
				<type type="string">Potion</type>
				<weight type="number">1</weight>
			</herbalists_secret_serum>
