			<horned_helm_of_ramlaat>
				<cost type="string"></cost>
				<description type="formattedtext">
					<p><i>A bloodstained helm made of a ram's skull.</i></p>
					<p><b>Benefit.</b> This helm grants you a +1 bonus to your armor class. You have advantage on any check you make to knock down creatures or objects.</p>
					<p><b>Curse.</b> You feel compelled to headbutt delicate objects.</p>
				</description>
				<name type="string">Horned Helm of Ramlaat</name>
				<nonid_name type="string">Unidentified item</nonid_name>
				<nonidentified type="string"></nonidentified>
				<type type="string">Armor</type>
				<weight type="number">1</weight>
			</horned_helm_of_ramlaat>
