			<immovable_rod>
				<cost type="string"></cost>
				<description type="formattedtext">
				<p><i>A short, iron rod with a button on one end.</i></p>
				<p><b>Benefit.</b> When you click the button, the rod becomes fixed in space (holds 5,000 lbs). Clicking the button again ends the effect.</p>
				</description>
				<name type="string">Immovable Rod</name>
				<nonid_name type="string">Unidentified item</nonid_name>
				<nonidentified type="string"></nonidentified>
				<picture type="token">campaign/images/Immovable Rod.webp</picture>
				<type type="string">Misc. Magic</type>
				<weight type="number">1</weight>
			</immovable_rod>
