			<jewel_of_barbalt>
				<cost type="string"></cost>
				<description type="formattedtext">
				<p><i>A coconut-sized ruby cut with a thousand facets.</i></p>
				<p><b>Benefit.</b> You roll a critical success on an 18-20.</p>
				<p><b>Curse.</b> You roll a critical failure on a 1-3.</p>
				</description>
				<name type="string">Jewel of Barbalt</name>
				<nonid_name type="string">Unidentified item</nonid_name>
				<nonidentified type="string"></nonidentified>
				<picture type="token">campaign/images/Jewel of Barbalt.webp</picture>
				<type type="string">Misc. Magic</type>
				<weight type="number">1</weight>
			</jewel_of_barbalt>
