			<jotunblad>
				<attacktype type="string">Melee</attacktype>
				<cost type="string"></cost>
				<damage type="string">1d12+2</damage>
				<damagetype type="string">slashing, magic</damagetype>
				<description type="formattedtext">
				<p><i>Jotunblad is a green-hued, +2 greatsword. A human killed by it rises as a draugr in 1d4 days.</i></p>
				</description>
				<finesse type="number">0</finesse>
				<item_attack_bonus type="number">2</item_attack_bonus>
				<loading type="number"></loading>
				<name type="string">Jotunblad</name>
				<nonid_name type="string">Unidentified item</nonid_name>
				<nonidentified type="string"></nonidentified>
				<range type="string">Close</range>
				<thrown type="number">0</thrown>
				<twohanded type="number">1</twohanded>
				<type type="string">Weapon</type>
				<versatile type="number">0</versatile>
				<versatile_damage type="string"></versatile_damage>
				<weight type="number">2</weight>
			</jotunblad>
