			<longbow_of_the_elven_kings>
				<attacktype type="string">Ranged</attacktype>
				<cost type="string"></cost>
				<damage type="string">1d8+1</damage>
				<damagetype type="string">piercing, magic</damagetype>
				<description type="formattedtext">
						<p><i>A deeply curved longbow with deer antler reinforcements.</i></p>
					<p><b>Bonus.</b> +1 longbow.</p>
					<p><b>Benefit.</b> You have advantage on attacks with this bow against unnatural creatures and outsiders.</p>
					<p><b>Personality.</b> Neutral. Proud, timeless. Believes protecting the natural order is the highest calling. Demands all unnatural creatures be found and slain.</p>
				</description>
				<finesse type="number">0</finesse>
				<item_attack_bonus type="number">1</item_attack_bonus>
				<loading type="number"></loading>
				<name type="string">Longbow of the Elven Kings</name>
				<nonid_name type="string">Unidentified item</nonid_name>
				<nonidentified type="string"></nonidentified>
				<range type="string">Far</range>
				<thrown type="number">0</thrown>
				<twohanded type="number">1</twohanded>
				<type type="string">Weapon</type>
				<versatile type="number">0</versatile>
				<versatile_damage type="string"></versatile_damage>
				<weight type="number">1</weight>
			</longbow_of_the_elven_kings>
