			<memnons_discordant_blade>
				<attacktype type="string">Melee</attacktype>
				<cost type="string"></cost>
				<damage type="string">1d12+1</damage>
				<damagetype type="string">slashing, magic</damagetype>
				<description type="formattedtext">
					<p><i>This barbed greatsword's red blade trails a shower of sparks when swung to strike.</i></p>
				<p><b>Bonus.</b> +1 greatsword. Can only be wielded by a chaotic being. If you also wield Memnon's Entropic Armor and Memnon's Blazing Javelin, it becomes a +3 greatsword.</p>
				<p><b>Benefit.</b> Once per day, you can utterly annihilate one creature of level 9 or less that you damage with this blade. The creature can pass a DC 18 Constitution check to take 3d8 damage instead.</p>
				<p><b>Curse.</b> You cannot relinquish ownership of this blade unless it is taken from you by a creature that defeats you in combat. For each day you do not slay a LV 2 or greater creature with this sword, you lose 1d6 hit points. These are restored only when you kill a LV 2 or greater creature with the sword.</p>
				</description>
				<finesse type="number">0</finesse>
				<item_attack_bonus type="number">1</item_attack_bonus>
				<loading type="number"></loading>
				<name type="string">Memnon's Discordant Blade</name>
				<nonid_name type="string">Unidentified item</nonid_name>
				<nonidentified type="string"></nonidentified>
				<picture type="token">campaign/images/Memnon's Discordant Blade.webp</picture>
				<range type="string">Close</range>
				<thrown type="number">0</thrown>
				<twohanded type="number">1</twohanded>
				<type type="string">Weapon</type>
				<versatile type="number">0</versatile>
				<versatile_damage type="string"></versatile_damage>
				<weight type="number">2</weight>
			</memnons_discordant_blade>
