			<mithral_plate_mail>
				<ac type="number">15</ac>
				<cost type="string">520 gp</cost>
				<count type="number">1</count>
				<description type="formattedtext">
					<p>--</p>
				</description>
				<name type="string">Mithral Plate Mail</name>
				<nodex type="number">1</nodex>
				<nonid_name type="string">Unidentified item</nonid_name>
				<nonidentified type="string"></nonidentified>
				<type type="string">Armor</type>
				<weight type="number">2</weight>
			</mithral_plate_mail>
