			<mithral_shield>
				<ac type="number">2</ac>
				<cost type="string">40 gp</cost>
				<description type="formattedtext">
					<p>Occupies one hand.</p>
				</description>
				<name type="string">Mithral Shield</name>
				<nodex type="number"></nodex>
				<nonid_name type="string">Unidentified item</nonid_name>
				<nonidentified type="string"></nonidentified>
				<picture type="token"></picture>
				<type type="string">Shield</type>
				<weight type="number">0</weight>
			</mithral_shield>
