			<mithral_chainmail>
				<ac type="number">13</ac>
				<cost type="string">240 gp</cost>
				<count type="number">1</count>
				<description type="formattedtext">
					<p>--</p>
				</description>
				<name type="string">Mithral Chainmail</name>
				<nodex type="number"></nodex>
				<nonid_name type="string">Unidentified item</nonid_name>
				<nonidentified type="string"></nonidentified>
				<type type="string">Armor</type>
				<weight type="number">1</weight>
			</mithral_chainmail>
