			<molten_ankh>
				<cost type="string"></cost>
				<description type="formattedtext">
					<p><i>A scarlet ankh pendant featuring an obsidian gem.</i></p>
					<p><b>Benefit</b> You are immune to mundane fire damage and take half damage from magical flame. Once per day, you can activate it to extend protection in a near area, shielding all living creatures for 5 rounds.</p>
				</description>
				<name type="string">Molten Ankh</name>
				<nonid_name type="string">Unidentified item</nonid_name>
				<nonidentified type="string"></nonidentified>
				<type type="string">Misc. Magic</type>
				<weight type="number">1</weight>
			</molten_ankh>
