			<moonwrought_chainmail>
				<ac type="number">14</ac>
				<cost type="string"></cost>
				<count type="number">1</count>
				<description type="formattedtext">
						<p><i>A luminous jacket of chainmail as lightweight as a silk shirt.</i></p>
					<p><b>Bonus.</b> +1 mithral chainmail.</p>
					<p><b>Benefit.</b> Once per day, you can speak the armor's command word. You gain a +1 bonus to your next spellcasting check or ranged attack.</p>
				</description>
				<name type="string">Moonwrought Chainmail</name>
				<nodex type="number"></nodex>
				<nonid_name type="string">Unidentified item</nonid_name>
				<nonidentified type="string"></nonidentified>
				<type type="string">Armor</type>
				<weight type="number">1</weight>
			</moonwrought_chainmail>
