			<necrotic_mace_of_withering>
				<attacktype type="string">Melee</attacktype>
				<cost type="string"></cost>
				<damage type="string">1d6+1</damage>
				<damagetype type="string">blunt, magic</damagetype>
				<description type="formattedtext">
						<p><i>A wrought iron mace tipped with a heavy, screaming skull. Black ichor runs from the skull's eyes when the mace is used to channel necrotic energy.</i></p>
					<p><b>Bonus.</b> +1 mace. Can only be wielded by a chaotic priest.</p>
					<p><b>Benefit.</b> While holding the mace, you can turn cure wounds spells you cast into harmful magic that instead inflicts the same amount of damage it would heal.</p>
					<p><b>Curse.</b> If you use the mace to cast an inverted cure wounds spell, you are haunted by nightmares that night. You must pass a DC 12 Wisdom check during your next rest or gain no benefit from resting.</p>
				</description>
				<finesse type="number">0</finesse>
				<item_attack_bonus type="number">1</item_attack_bonus>
				<loading type="number"></loading>
				<name type="string">Necrotic Mace of Withering</name>
				<nonid_name type="string">Unidentified item</nonid_name>
				<nonidentified type="string"></nonidentified>
				<range type="string">Close</range>
				<thrown type="number">0</thrown>
				<twohanded type="number">0</twohanded>
				<type type="string">Weapon</type>
				<versatile type="number">0</versatile>
				<versatile_damage type="string"></versatile_damage>
				<weight type="number">1</weight>
			</necrotic_mace_of_withering>
