			<oil_flask>
				<cost type="string">5 sp</cost>
				<description type="formattedtext">
					<p>Fuels a lantern for one hour of real time. One flask covers a close area and burns for 4 rounds, dealing 1d4 damage each round.</p>
				</description>
				<name type="string">Oil Flask</name>
				<nonid_name type="string">Unidentified item</nonid_name>
				<nonidentified type="string"></nonidentified>
				<type type="string">Equipment</type>
				<weight type="number">1</weight>
			</oil_flask>
