			<pearl_of_power>
				<cost type="string"></cost>
				<description type="formattedtext">
					<p><i>A fat, opalescent pearl glowing with an inner radiance.</i></p>
					<p><b>Benefit.</b> Once per day, you may regain the ability to cast a spell you have lost. This cannot restore a spell lost due to a critical spellcasting failure.</p>
				</description>
				<name type="string">Pearl of Power</name>
				<nonid_name type="string">Unidentified item</nonid_name>
				<nonidentified type="string"></nonidentified>
				<type type="string">Misc. Magic</type>
				<weight type="number">1</weight>
			</pearl_of_power>
