			<phantom_cloak>
				<cost type="string"></cost>
				<description type="formattedtext">
				<p><i>An inconspicuous tattered cloak with a torn hood.</i></p>
				<p><b>Benefit</b> When you pull the hood over your head, you and your equipment become incorporeal. You can move through solid objects and cannot attack with or be struck by physical weapons. You may cast spells and hostile spells can affect you.</p>
				<p><b>Curse</b> For every round you are incorporeal, roll 1d6. On the result of a 1, a specter sees you from the spirit world, comes to your plane of existence, and attacks you. </p>
				</description>
				<name type="string">Phantom Cloak</name>
				<nonid_name type="string">Unidentified item</nonid_name>
				<nonidentified type="string"></nonidentified>
				<picture type="token">campaign/images/Phantom Cloak.webp</picture>
				<type type="string">Clothing</type>
				<weight type="number">1</weight>
			</phantom_cloak>
