			<pipe_of_the_rolling_hills>
				<cost type="string"></cost>
				<description type="formattedtext">
				<p><i>A long, curved pipe that smells of cloves and resin.</i></p>
				<p><b>Benefit.</b> Up to three times per day, regain 1d4 hit points when you smoke this pipe.</p>
				</description>
				<name type="string">Pipe of the Rolling Hills</name>
				<nonid_name type="string">Unidentified item</nonid_name>
				<nonidentified type="string"></nonidentified>
				<picture type="token">campaign/images/Pipe of the Rolling Hills.webp</picture>
				<type type="string">Misc. Magic</type>
				<weight type="number">1</weight>
			</pipe_of_the_rolling_hills>
