			<portable_hole>
				<cost type="string"></cost>
				<description type="formattedtext">
					<p><i>A black, velvet square of cloth that unfolds into a wide circle.</i></p>
					<p><b>Benefit.</b> The Portable Hole folds open on a flat surface into a 6-foot wide, 6-foot deep hole. It has 20 gear slots of storage. The hole closes when you fold the cloth into a small square.</p>
					<p><b>Curse.</b> Placing this item inside a Bag of Holding or another Portable Hole destroys both items and all held inside them.</p>
				</description>
				<name type="string">Portable Hole</name>
				<nonid_name type="string">Unidentified item</nonid_name>
				<nonidentified type="string"></nonidentified>
				<type type="string">Misc. Magic</type>
				<weight type="number">1</weight>
			</portable_hole>
