			<potion_of_the_stars>
				<cost type="string"></cost>
				<description type="formattedtext">
					<p><i>Ink-black liquid with suspended, twinkling white particles.</i></p>
					<p><b>Benefit</b> You gain a luck token and can see the stars for accurate navigation, even in dungeons, sunny days, or cloudy night skies for one hour of real time.</p>
				</description>
				<name type="string">Potion of the Stars</name>
				<nonid_name type="string">Unidentified item</nonid_name>
				<nonidentified type="string"></nonidentified>
				<type type="string">Potion</type>
				<weight type="number">1</weight>
			</potion_of_the_stars>
