			<potion_of_extirpation>
				<cost type="string"></cost>
				<description type="formattedtext">
				<p><i>An acrid, tarry substance in an iron flask with a lead stopper.</i></p>
				<p><b>Benefit.</b> You can pour the potion on one object or creature filling up to a close area. The target is utterly removed from reality and cannot be returned by anything short of a wish spell.</p>
				<p><b>Personality.</b> Chaotic. Protests loudly while being used and never agrees that the target is the right choice for extirpation.</p>
				</description>
				<name type="string">Potion of Extirpation</name>
				<nonid_name type="string">Unidentified item</nonid_name>
				<nonidentified type="string"></nonidentified>
				<picture type="token">campaign/images/Potion of Extirpation.webp</picture>
				<type type="string">Potion</type>
				<weight type="number">1</weight>
			</potion_of_extirpation>
