			<potion_of_healing>
				<cost type="string"></cost>
				<description type="formattedtext">
				<p><i>A glass bottle with a fizzy, lemon-vanilla liquid inside.</i></p>
				<p><b>Benefit.</b> The imbiber of this potion regains hit points based on its level. LV 0-3: 1d6 hit points. LV 4-6: 2d8 hit points. LV 7-9: 3d10 hit points. LV 10+: 4d12 hit points.</p>
				</description>
				<name type="string">Potion of Healing</name>
				<nonid_name type="string">Unidentified item</nonid_name>
				<nonidentified type="string"></nonidentified>
				<picture type="token">campaign/images/Potion of Healing.webp</picture>
				<type type="string">Potion</type>
				<weight type="number">1</weight>
			</potion_of_healing>
