			<potion_of_giant_strength>
				<cost type="string"></cost>
				<description type="formattedtext">
					<p><i>A clay jar holding a stew of green, leafy sludge.</i></p>
					<p><b>Benefit.</b> Your Strength becomes 18 (+4) and you deal x2 damage on melee attacks for 10 rounds.</p>
				</description>
				<name type="string">Potion of Giant Strength</name>
				<nonid_name type="string">Unidentified item</nonid_name>
				<nonidentified type="string"></nonidentified>
				<type type="string">Potion</type>
				<weight type="number">1</weight>
			</potion_of_giant_strength>
