			<potion_of_arcane_clarity>
				<cost type="string"></cost>
				<description type="formattedtext">
				<p><i>A mostly clear liquid with occasional passing clouds of bubbles, tasting like a crisp breath of cool air.</i></p>
				<p><b>Benefit</b> When consumed before spellcasting, any spell you choose cannot be lost for the day unless you critically fail. On a critical failure, you instead choose a different spell on your list to be lost for the day. Remains active for one day.</p>
				</description>
				<name type="string">Potion of Arcane Clarity</name>
				<nonid_name type="string">Unidentified item</nonid_name>
				<nonidentified type="string"></nonidentified>
				<picture type="token">campaign/images/Potion of Arcane Clarity.webp</picture>
				<type type="string">Potion</type>
				<weight type="number">1</weight>
			</potion_of_arcane_clarity>
