			<potion_of_control_giant_insect>
				<cost type="string"></cost>
				<description type="formattedtext">
				<p><i>Amber elixir in a brass-accented vial, exuding a forest scent.</i></p>
				<p><b>Benefit</b> You can control one giant insect within near for 10 rounds. It acts on your turn.</p>
				</description>
				<name type="string">Potion of Control Giant Insect</name>
				<nonid_name type="string">Unidentified item</nonid_name>
				<nonidentified type="string"></nonidentified>
				<picture type="token">campaign/images/Potion of Control Giant Insect.webp</picture>
				<type type="string">Potion</type>
				<weight type="number">1</weight>
			</potion_of_control_giant_insect>
