			<potion_of_legendary_deeds>
				<cost type="string"></cost>
				<description type="formattedtext">
					<p><i>A golden elixir that resonates with a faint, angelic chord.</i></p>
					<p><b>Benefit.</b> When you drink this potion, you gain one level and your XP total resets to zero.</p>
				</description>
				<name type="string">Potion of Legendary Deeds</name>
				<nonid_name type="string">Unidentified item</nonid_name>
				<nonidentified type="string"></nonidentified>
				<type type="string">Potion</type>
				<weight type="number">1</weight>
			</potion_of_legendary_deeds>
