			<potion_of_forgetfulness>
				<cost type="string"></cost>
				<description type="formattedtext">
					<p><i>A pink draught that swirls with a counter-clockwise current.</i></p>
					<p><b>Benefit.</b> If you serve this potion to an intelligent being and that being drinks it, the imbiber permanently forgets one memory of your choosing.</p>
				</description>
				<name type="string">Potion of Forgetfulness</name>
				<nonid_name type="string">Unidentified item</nonid_name>
				<nonidentified type="string"></nonidentified>
				<type type="string">Potion</type>
				<weight type="number">1</weight>
			</potion_of_forgetfulness>
