			<potion_of_vitality>
				<cost type="string"></cost>
				<description type="formattedtext">
				<p><i>A crimson elixir that gently thumps with a heartbeat.</i></p>
				<p><b>Benefit.</b> When you drink this potion, roll your class's hit points die. You permanently gain that many HP.</p>
				<p><b>Curse.</b> If you drink more than one Potion of Vitality in your lifetime, you must pass a DC 18 Constitution check each time or die instantly.</p>
				</description>
				<name type="string">Potion of Vitality</name>
				<nonid_name type="string">Unidentified item</nonid_name>
				<nonidentified type="string"></nonidentified>
				<picture type="token">campaign/images/Potion of Vitality.webp</picture>
				<type type="string">Potion</type>
				<weight type="number">1</weight>
			</potion_of_vitality>
