			<potion_of_fel_curse>
				<cost type="string"></cost>
				<description type="formattedtext">
					<p><i>Bone-colored liquid in an etched glass vial, decorated with leaves.</i></p>
					<p><b>Curse</b> Anyone who quaffs this potion takes on the Fel <b>Curse</b> (See Fel Curse entry).</p>
				</description>
				<name type="string">Potion of Fel Curse</name>
				<nonid_name type="string">Unidentified item</nonid_name>
				<nonidentified type="string"></nonidentified>
				<type type="string">Potion</type>
				<weight type="number">1</weight>
			</potion_of_fel_curse>
