			<potion_of_flying>
				<cost type="string"></cost>
				<description type="formattedtext">
					<p><i>A sunny liquid with bubbles that flash and pop like tiny stars.</i></p>
					<p><b>Benefit.</b> You can fly a near distance for 10 rounds when you drink this potion.</p>
				</description>
				<name type="string">Potion of Flying</name>
				<nonid_name type="string">Unidentified item</nonid_name>
				<nonidentified type="string"></nonidentified>
				<type type="string">Potion</type>
				<weight type="number">1</weight>
			</potion_of_flying>
