			<ring_of_invisibility>
				<cost type="string"></cost>
				<description type="formattedtext">
				<p><i>A simple, gold band polished to a warm shine.</i></p>
				<p><b>Benefit.</b> Once per day, the ring can cast the invisibility spell on you.</p>
				<p><b>Curse.</b> There is a cumulative 1% chance each time you rest that your sleep is ruined by apocalyptic nightmares, and you gain no benefit from resting. This resets to a 1% chance each time it triggers.</p>
				<linklist>
					<link class="power" recordname="reference.power.invisibility@IPFGSDTALCOREPLAYER">Spell: Invisibility</link>
				</linklist>
				</description>
				<name type="string">Ring of Invisibility</name>
				<nonid_name type="string">Unidentified item</nonid_name>
				<nonidentified type="string"></nonidentified>
				<picture type="token">campaign/images/Ring of Invisibility.webp</picture>
				<type type="string">Ring</type>
				<weight type="number">1</weight>
			</ring_of_invisibility>
