			<ring_of_fireballs>
				<cost type="string"></cost>
				<description type="formattedtext">
					<p><i>A bronze loop with claws holding a red marble. A fiery miasma swirls inside the glass.</i></p>
					<p><b>Benefit.</b> You can pluck the glass marble from the ring and throw it up to a far distance, causing a fireball spell to bloom at the site of impact. The glass marble regrows after you successfully complete a rest.</p>
				</description>
				<name type="string">Ring of Fireballs</name>
				<nonid_name type="string">Unidentified item</nonid_name>
				<nonidentified type="string"></nonidentified>
				<type type="string">Ring</type>
				<weight type="number">1</weight>
			</ring_of_fireballs>
