			<ring_of_ramlaat>
				<cost type="string"></cost>
				<description type="formattedtext">
				<p><i>A bone-carved ring with a ram skull. Its horns twist forward and red lights glow in its eye sockets.</i></p>
				<p><b>Benefit.</b> Once per day, you can enter a rage where you deal double damage for 5 rounds. During the rage, you can't cast spells and enemies have advantage on melee attacks against you.</p>
				<p><b>Personality.</b> Chaotic. Aggressive, overconfident. Seeks to provoke you and your enemies into battle.</p>
				</description>
				<name type="string">Ring of Ramlaat</name>
				<nonid_name type="string">Unidentified item</nonid_name>
				<nonidentified type="string"></nonidentified>
				<picture type="token">campaign/images/Ring of Ramlaat.webp</picture>
				<type type="string">Ring</type>
				<weight type="number">1</weight>
			</ring_of_ramlaat>
