			<robe_of_the_archmage>
				<cost type="string"></cost>
				<description type="formattedtext">
				<p><i>A red silk robe with a wide, gold-hemmed mantle. Golden eyes and moons dust its sleeves.</i></p>
				<p><b>Benefit.</b> Only a wizard with the Archmage title can wear this robe. Your unarmored AC becomes 15 plus your Dexterity modifier.</p>
				<p><b>Benefit.</b> Choose three spells you know. Their spellcasting DC is always 11.</p>
				<p><b>Benefit.</b> You have advantage on casting the disintegrate spell.</p>
				</description>
				<name type="string">Robe of the Archmage</name>
				<nonid_name type="string">Unidentified item</nonid_name>
				<nonidentified type="string"></nonidentified>
				<picture type="token">campaign/images/Robe of the Archmage.webp</picture>
				<type type="string">Clothing</type>
				<weight type="number">1</weight>
			</robe_of_the_archmage>
