			<robe_of_the_druid>
				<cost type="string"></cost>
				<description type="formattedtext">
				<p><i>A green velvet robe with a deep hood and hems embroidered with silver leaves and vines.</i></p>
				<p><b>Benefit.</b> Only a wizard with the Druid title can wear this robe. Your unarmored AC becomes 15 plus your Dexterity modifier.</p>
				<p><b>Benefit.</b> Twice per day, you can regain the ability to cast one lost spell.</p>
				<p><b>Benefit.</b> You have advantage on casting the shapechange spell. When you cast it, its duration is 1 hour instead of focus.</p>
				</description>
				<name type="string">Robe of the Druid</name>
				<nonid_name type="string">Unidentified item</nonid_name>
				<nonidentified type="string"></nonidentified>
				<picture type="token">campaign/images/Robe of the Druid.webp</picture>
				<type type="string">Clothing</type>
				<weight type="number">1</weight>
			</robe_of_the_druid>
