			<round_shield>
				<ac type="number">2</ac>
				<cost type="string">15 gp</cost>
				<count type="number">1</count>
				<description type="formattedtext">
				<p>Occupies one hand, sundering.</p>
				</description>
				<name type="string">Round shield</name>
				<nodex type="number"></nodex>
				<nonid_name type="string">Unidentified item</nonid_name>
				<nonidentified type="string"></nonidentified>
				<type type="string">Shield</type>
				<weight type="number">1</weight>
			</round_shield>
