			<shield_of_the_witch_king>
				<ac type="number">4</ac>
				<cost type="string"></cost>
				<count type="number">1</count>
				<description type="formattedtext">
					<p>Occupies one hand.</p>
					<p><i>A jagged triangle of black steel with spiny, armored plates.</i></p>
					<p><b>Bonus.</b> +2 shield. Can only be wielded by a chaotic being.</p>
					<p><b>Benefit.</b> You take half damage from undead creatures.</p>
					<p><b>Curse.</b> If you go to 0 HP, the spirit of Ix-Natheer tries to steal your body. He blocks healing magic from affecting you. If you die, Ix-Natheer possesses you.</p>
					<p><b>Personality.</b> Chaotic. The spirit of the witch-king Ix-Natheer animates this shield. He pounces on opportunities to betray his wielder so he can try to take over their body and return to unlife.</p>
				</description>
				<name type="string">Shield of the Witch-King</name>
				<nodex type="number"></nodex>
				<nonid_name type="string">Unidentified item</nonid_name>
				<nonidentified type="string"></nonidentified>
				<type type="string">Shield</type>
				<weight type="number">1</weight>
			</shield_of_the_witch_king>
