			<shield_of_the_crusader>
				<ac type="number">3</ac>
				<cost type="string"></cost>
				<count type="number">1</count>
				<description type="formattedtext">
					<p>Occupies one hand.</p>
					<p><i>A weighty kite shield painted with a faded, crimson cross.</i></p>
					<p><b>Bonus.</b> +1 shield. Can only be wielded by a lawful being.</p>
					<p><b>Benefit.</b> Once per day, you can speak a prayer to wreathe the shield in holy flames, granting +2 to your AC for 3 rounds.</p>
				</description>
				<name type="string">Shield of the Crusader</name>
				<nodex type="number"></nodex>
				<nonid_name type="string">Unidentified item</nonid_name>
				<nonidentified type="string"></nonidentified>
				<type type="string">Shield</type>
				<weight type="number">1</weight>
			</shield_of_the_crusader>
