			<shuriken>
				<attacktype type="string">Ranged</attacktype>
				<cost type="string">1 gp</cost>
				<damage type="string">1d4</damage>
				<damagetype type="string">piercing</damagetype>
				<description type="formattedtext">
				<p>--</p>
				</description>
				<finesse type="number">0</finesse>
				<item_attack_bonus type="number"></item_attack_bonus>
				<loading type="number"></loading>
				<name type="string">Shuriken</name>
				<nonid_name type="string">Unidentified item</nonid_name>
				<nonidentified type="string"></nonidentified>
				<range type="string">Near</range>
				<thrown type="number">0</thrown>
				<twohanded type="number">0</twohanded>
				<type type="string">Weapon</type>
				<versatile type="number">0</versatile>
				<versatile_damage type="string"></versatile_damage>
				<weight type="number">1</weight>
			</shuriken>
