			<skinlasher>
				<attacktype type="string">Melee/Ranged</attacktype>
				<cost type="string"></cost>
				<damage type="string">1d6+2</damage>
				<damagetype type="string">slashing, magic</damagetype>
				<description type="formattedtext">
				<p><i>A +2 razor chain called Skinlasher whose wielder is immune to poison.</i></p>
				</description>
				<finesse type="number">1</finesse>
				<item_attack_bonus type="number">2</item_attack_bonus>
				<loading type="number">1</loading>
				<name type="string">Skinlasher</name>
				<nonid_name type="string">Unidentified item</nonid_name>
				<nonidentified type="string"></nonidentified>
				<range type="string">Near</range>
				<thrown type="number">0</thrown>
				<twohanded type="number">0</twohanded>
				<type type="string">Weapon</type>
				<versatile type="number">0</versatile>
				<versatile_damage type="string"></versatile_damage>
				<weight type="number">1</weight>
			</skinlasher>
