			<slime_sling>
				<attacktype type="string">Ranged</attacktype>
				<cost type="string"></cost>
				<damage type="string">1d4+0</damage>
				<damagetype type="string">blunt, magic</damagetype>
				<description type="formattedtext">
				<p><i>A sling that appears to be made of rubbery, congealed green goo.</i></p>
				<p><b>Benefit</b> You shoot magical bullets of goo that dissolve armor on impact, dealing standard sling bullet damage.</p>
				<p><b>Curse</b> The sling holds 10 bullets that cannot be recovered once fired. To resupply, you must defeat a slime, ooze, royal jelly, or gelatinous cube and allow the sling to drink the goo. Slimefolk cannot recharge.</p>
				</description>
				<finesse type="number">0</finesse>
				<item_attack_bonus type="number">0</item_attack_bonus>
				<loading type="number"></loading>
				<name type="string">Slime Sling</name>
				<nonid_name type="string">Unidentified item</nonid_name>
				<nonidentified type="string"></nonidentified>
				<range type="string">Far</range>
				<thrown type="number">0</thrown>
				<twohanded type="number">0</twohanded>
				<type type="string">Weapon</type>
				<versatile type="number">0</versatile>
				<versatile_damage type="string"></versatile_damage>
				<weight type="number">1</weight>
			</slime_sling>
