			<staff_of_the_cobra>
				<attacktype type="string">Melee</attacktype>
				<cost type="string"></cost>
				<damage type="string">1d4+1</damage>
				<damagetype type="string">blunt, magic</damagetype>
				<description type="formattedtext">
					<p><i>A curved scepter tipped with a ruby-eyed, flaring cobra head.</i></p>
				<p><b>Bonus.</b> +1 staff.</p>
				<p><b>Benefit.</b> All snakes regard you with a friendly attitude unless you do something to upset them.</p>
				<p><b>Benefit.</b> Once per day, you can throw the staff to the ground. It becomes a giant snake for 5 rounds that obeys your mental commands. If the giant snake goes to 0 HP, it reverts into a staff.</p>
				<p><b>Curse.</b> You have disadvantage on attacks and casting hostile spells targeting snakes.</p>
				</description>
				<finesse type="number">0</finesse>
				<item_attack_bonus type="number">1</item_attack_bonus>
				<loading type="number"></loading>
				<name type="string">Staff of the Cobra</name>
				<nonid_name type="string">Unidentified item</nonid_name>
				<nonidentified type="string"></nonidentified>
				<picture type="token">campaign/images/Staff of the Cobra.webp</picture>
				<range type="string">Close</range>
				<thrown type="number">0</thrown>
				<twohanded type="number">1</twohanded>
				<type type="string">Weapon</type>
				<versatile type="number">0</versatile>
				<versatile_damage type="string"></versatile_damage>
				<weight type="number">1</weight>
			</staff_of_the_cobra>
