			<staff_of_ord>
				<attacktype type="string">Melee</attacktype>
				<cost type="string"></cost>
				<damage type="string">1d4+3</damage>
				<damagetype type="string">blunt, magic</damagetype>
				<description type="formattedtext">
						<p><i>A tapered, mithral staff that resonates with arcane power. The tip features an upward-looking eye in a circle of runes.</i></p>
					<p><b>Bonus.</b> +3 staff. Can only be wielded by a wizard.</p>
					<p><b>Benefit.</b> Functions as a wand of dimension door, fireball, sending, and telekinesis. Unlike a wand, the staff remains intact if you roll a 1 on your spellcasting checks.</p>
					<p><b>Benefit.</b> Hostile spells targeting you are DC 18 to cast.</p>
				<linklist>
					<link class="power" recordname="reference.power.dimension_door@IPFGSDTALCOREPLAYER">Spell: dimension door</link>
				</linklist>
				<linklist>
					<link class="power" recordname="reference.power.fireball@IPFGSDTALCOREPLAYER">Spell: fireball</link>
				</linklist>
				<linklist>
					<link class="power" recordname="reference.power.sending@IPFGSDTALCOREPLAYER">Spell: sending</link>
				</linklist>
				<linklist>
					<link class="power" recordname="reference.power.telekinesis@IPFGSDTALCOREPLAYER">Spell: telekinesis</link>
				</linklist>
				</description>
				<finesse type="number">0</finesse>
				<item_attack_bonus type="number">3</item_attack_bonus>
				<loading type="number"></loading>
				<name type="string">Staff of Ord</name>
				<nonid_name type="string">Unidentified item</nonid_name>
				<nonidentified type="string"></nonidentified>
				<range type="string">Close</range>
				<thrown type="number">0</thrown>
				<twohanded type="number">1</twohanded>
				<type type="string">Weapon</type>
				<versatile type="number">0</versatile>
				<versatile_damage type="string"></versatile_damage>
				<weight type="number">1</weight>
			</staff_of_ord>
