			<staff_of_healing>
				<attacktype type="string">Melee</attacktype>
				<cost type="string"></cost>
				<damage type="string">1d4+1</damage>
				<damagetype type="string">blunt, magic</damagetype>
				<description type="formattedtext">
					<p><i>A knotted, oak stave with a heavy knurl on one end.</i></p>
				<p><b>Bonus.</b> +1 staff.</p>
				<p><b>Benefit.</b> Once per day, you can touch a creature with the staff to heal it for 1d6 hit points.</p>
				</description>
				<finesse type="number">0</finesse>
				<item_attack_bonus type="number">1</item_attack_bonus>
				<loading type="number"></loading>
				<name type="string">Staff of Healing</name>
				<nonid_name type="string">Unidentified item</nonid_name>
				<nonidentified type="string"></nonidentified>
				<picture type="token">campaign/images/Staff of Healing.webp</picture>
				<range type="string">Close</range>
				<thrown type="number">0</thrown>
				<twohanded type="number">1</twohanded>
				<type type="string">Weapon</type>
				<versatile type="number">0</versatile>
				<versatile_damage type="string"></versatile_damage>
				<weight type="number">1</weight>
			</staff_of_healing>
