			<sunscorch>
				<attacktype type="string">Melee</attacktype>
				<cost type="string"></cost>
				<damage type="string">1d6+1</damage>
				<damagetype type="string">slashing, magic</damagetype>
				<description type="formattedtext">
				<p><i>This +1 scimitar is named Sunscorch. Once per day, it can emit a flash of white-hot light that blinds all who see it for 1 round.</i></p>
				</description>
				<finesse type="number">1</finesse>
				<item_attack_bonus type="number">1</item_attack_bonus>
				<loading type="number"></loading>
				<name type="string">Sunscorch</name>
				<nonid_name type="string">Unidentified item</nonid_name>
				<nonidentified type="string"></nonidentified>
				<range type="string">Close</range>
				<thrown type="number">0</thrown>
				<twohanded type="number">0</twohanded>
				<type type="string">Weapon</type>
				<versatile type="number">0</versatile>
				<versatile_damage type="string"></versatile_damage>
				<weight type="number">1</weight>
			</sunscorch>
