			<sword_of_shadows>
				<attacktype type="string">Melee</attacktype>
				<cost type="string"></cost>
				<damage type="string">1d8+3</damage>
				<damagetype type="string">slashing, magic</damagetype>
				<description type="formattedtext">
					<p><i>Incorporeal sword that looks like a shadow projected on a surface.</i></p>
				<p><b>Bonus</b> +3 Bastard Sword</p>
				<p><b>Benefit</b> Drains 1 CHA with every successful hit. Enemies reduced to 0 CHA die.</p>
				<p><b>Benefit</b> Can be thrown. Returns after being thrown.</p>
				<p><b>Curse</b> Can only be picked up by incorporeal or undead creatures, including the risen ancestry.</p>
				</description>
				<finesse type="number">0</finesse>
				<item_attack_bonus type="number">3</item_attack_bonus>
				<loading type="number"></loading>
				<name type="string">Sword of Shadows</name>
				<nonid_name type="string">Unidentified item</nonid_name>
				<nonidentified type="string"></nonidentified>
				<picture type="token">campaign/images/Sword of Shadows.webp</picture>
				<range type="string">Close</range>
				<thrown type="number">0</thrown>
				<twohanded type="number">0</twohanded>
				<type type="string">Weapon</type>
				<versatile type="number">1</versatile>
				<versatile_damage type="string">1d10+3</versatile_damage>
				<weight type="number">2</weight>
			</sword_of_shadows>
