			<thorgol_the_anvil>
				<attacktype type="string">Melee</attacktype>
				<cost type="string"></cost>
				<damage type="string">1d10+2</damage>
				<damagetype type="string">blunt, magic</damagetype>
				<description type="formattedtext">
				<p><i>This +2 warhammer is made from heavy, black iron with triangular knots on each face. It can instantly fuse together two metal objects it strikes at the same time, if its wielder chooses.</i></p>
				</description>
				<finesse type="number">0</finesse>
				<item_attack_bonus type="number">2</item_attack_bonus>
				<loading type="number"></loading>
				<name type="string">Thorgol the Anvil</name>
				<nonid_name type="string">Unidentified item</nonid_name>
				<nonidentified type="string"></nonidentified>
				<range type="string">Close</range>
				<thrown type="number">0</thrown>
				<twohanded type="number">1</twohanded>
				<type type="string">Weapon</type>
				<versatile type="number">0</versatile>
				<versatile_damage type="string"></versatile_damage>
				<weight type="number">1</weight>
			</thorgol_the_anvil>
