			<thrice_blessed_sword>
				<attacktype type="string">Melee</attacktype>
				<cost type="string"></cost>
				<damage type="string">1d8+3</damage>
				<damagetype type="string">slashing, magic</damagetype>
				<description type="formattedtext">
					<p><i>A lustrous, golden-handled blade anointed with blessed tears, incense, and prayers.</i></p>
				<p><b>Bonus.</b> +3 longsword. Only a lawful priest who has achieved the Templar title or higher can wield this sword.</p>
				<p><b>Benefit.</b> You deal double damage against demons, devils, and undead.</p>
				<p><b>Personality.</b> Lawful. Virtuous, naive. Refuses to be wielded against worshippers of lawful gods, especially self-proclaimed converts. Demands each foe be given the chance to convert before being slain.</p>
				</description>
				<finesse type="number">0</finesse>
				<item_attack_bonus type="number">3</item_attack_bonus>
				<loading type="number"></loading>
				<name type="string">Thrice-Blessed Sword</name>
				<nonid_name type="string">Unidentified item</nonid_name>
				<nonidentified type="string"></nonidentified>
				<picture type="token">campaign/images/Thrice-Blessed Sword.webp</picture>
				<range type="string">Close</range>
				<thrown type="number">0</thrown>
				<twohanded type="number">0</twohanded>
				<type type="string">Weapon</type>
				<versatile type="number">0</versatile>
				<versatile_damage type="string"></versatile_damage>
				<weight type="number">1</weight>
			</thrice_blessed_sword>
