			<tome_of_hadebe>
				<cost type="string"></cost>
				<description type="formattedtext">
					<p><i>A brass-plated book with pages of etched copper leaf.</i></p>
					<p><b>Benefit.</b> The tome contains one each of the following scrolls: burning hands , fireball , and prismatic orb.</p>
				</description>
				<name type="string">Tome of Hadebe</name>
				<nonid_name type="string">Unidentified item</nonid_name>
				<nonidentified type="string"></nonidentified>
				<type type="string">Tome</type>
				<weight type="number">1</weight>
			</tome_of_hadebe>
