			<tongue_of_the_beast>
				<cost type="string"></cost>
				<description type="formattedtext">
					<p><i>Intricately carved life-size wooden tongue.</i></p>
					<p><b>Benefit</b> When you place this tongue in your mouth, it comes to life. You must spend one round to attune to speak any animal language you choose.</p>
				</description>
				<name type="string">Tongue of the Beast</name>
				<nonid_name type="string">Unidentified item</nonid_name>
				<nonidentified type="string"></nonidentified>
				<type type="string">Misc. Magic</type>
				<weight type="number">1</weight>
			</tongue_of_the_beast>
