			<totem_staff>
				<cost type="string"></cost>
				<description type="formattedtext">
					<p><i>Oak pole adorned with carved wild animal faces.</i></p>
					<p><b>Benefit</b> When activated, a willing animal you touch is transformed into a face on your totem staff. You can return it to natural form at any time. Up to 5 animals can be stored in the staff.</p>
				</description>
				<name type="string">Totem Staff</name>
				<nonid_name type="string">Unidentified item</nonid_name>
				<nonidentified type="string"></nonidentified>
				<type type="string">Staff</type>
				<weight type="number">1</weight>
			</totem_staff>
