			<trident_of_the_seas>
				<attacktype type="string">Melee/Ranged</attacktype>
				<cost type="string"></cost>
				<damage type="string">1d6+2</damage>
				<damagetype type="string">piercing, magic</damagetype>
				<description type="formattedtext">
						<p><i>A three-pronged, mithral harpoon studded with pearls.</i></p>
					<p><b>Bonus.</b> +2 spear.</p>
					<p><b>Benefit.</b> You can breathe underwater, as well as speak to and understand wild sea creatures.</p>
					<p><b>Benefit.</b> Once per day, you can cast control water with a +4 bonus.</p>
				</description>
				<finesse type="number">0</finesse>
				<item_attack_bonus type="number">2</item_attack_bonus>
				<loading type="number"></loading>
				<name type="string">Trident of the Seas</name>
				<nonid_name type="string">Unidentified item</nonid_name>
				<nonidentified type="string"></nonidentified>
				<range type="string">Close/Near</range>
				<thrown type="number">1</thrown>
				<twohanded type="number">0</twohanded>
				<type type="string">Weapon</type>
				<versatile type="number">0</versatile>
				<versatile_damage type="string"></versatile_damage>
				<weight type="number">1</weight>
			</trident_of_the_seas>
