			<trumpet_of_the_ghoul>
				<cost type="string"></cost>
				<description type="formattedtext">
				<p><i>Tarnished trumpet with engravings of skeletal figures. It produces a bone-rattling sound when blown.</i></p>
				<p><b>Benefit</b> When blown, you summon an undead creature up to the same LV as yours, exact type is up to the GM. It is under your control and acts on your turn for 5 rounds before disappearing. Only one can appear at a time.</p>
				<p><b>Curse</b> If the battle is over before the 5 rounds are up, the undead attacks you before disappearing as originally scheduled.</p>
				</description>
				<name type="string">Trumpet of the Ghoul</name>
				<nonid_name type="string">Unidentified item</nonid_name>
				<nonidentified type="string"></nonidentified>
				<picture type="token">campaign/images/Trumpet of the Ghoul.webp</picture>
				<type type="string">Misc. Magic</type>
				<weight type="number">1</weight>
			</trumpet_of_the_ghoul>
