			<viper_fang_of_the_beastmaster>
				<cost type="string"></cost>
				<description type="formattedtext">
				<p><i>A sharp, gleaming viper fang enchanted by a Beastmaster.</i></p>
				<p><b>Benefit</b> Your target must make a DC 12 CON check or be paralyzed for 1d4 rounds when fastened to a melee weapon.</p>
				<p><b>Benefit</b> You gain poison immunity when worn as jewelry.</p>
				<p><b>Benefit</b> You receive +1 to DEX stat when bound to armor, shield or instrument.</p>
				</description>
				<name type="string">Viper Fang of the Beastmaster</name>
				<nonid_name type="string">Unidentified item</nonid_name>
				<nonidentified type="string"></nonidentified>
				<picture type="token">campaign/images/Viper Fang of the Beastmaster.webp</picture>
				<type type="string">Misc. Magic</type>
				<weight type="number">1</weight>
			</viper_fang_of_the_beastmaster>
