			<voidguard_armor>
				<ac type="number">14</ac>
				<cost type="string"></cost>
				<description type="formattedtext">
					<p>Disadvantage on stealth checks and swim checks.</p>
				<p><i>Chainmail armor that exudes a transluscent bluish radiance.</i></p>
				<p><b>Bonus</b> +1 Chain Mail Armor.</p>
				<p><b>Benefit</b> Immune to stat or life draining attacks.</p>
				</description>
				<name type="string">Voidguard Armor</name>
				<nodex type="number"></nodex>
				<nonid_name type="string">Unidentified item</nonid_name>
				<nonidentified type="string"></nonidentified>
				<picture type="token">campaign/images/Voidguard Armor.webp</picture>
				<type type="string">Armor</type>
				<weight type="number">2</weight>
			</voidguard_armor>
