			<wand_of_magic_missiles>
				<cost type="string"></cost>
				<description type="formattedtext">
					<p><i>A thin, straight, black and silver wand with the words "pew pew" etched on it in runes. Casts the wizard spell Magic Missile.</i></p>
				<linklist>
					<link class="power" recordname="reference.power.magic_missile@IPFGSDTALCOREPLAYER">Spell: Magic Missile</link>
				</linklist>
				</description>
				<name type="string">Wand of Magic Missiles</name>
				<nonid_name type="string">Unidentified item</nonid_name>
				<nonidentified type="string"></nonidentified>
				<type type="string">Wand</type>
				<weight type="number">1</weight>
			</wand_of_magic_missiles>
