			<wand_of_wisdom>
				<cost type="string"></cost>
				<description type="formattedtext">
				<p><i>A gnarled stick dipped in gold with the word "wisdom" etched on it in runes. Seers can wield it. Contains the seer spell Trance.</i></p>
				<linklist>
					<link class="power" recordname="reference.power.trance@IPFGSDTALCS3PLAYER">Spell: Trance</link>
				</linklist>
				</description>
				<name type="string">Wand of Wisdom</name>
				<nonid_name type="string">Unidentified item</nonid_name>
				<nonidentified type="string"></nonidentified>
				<type type="string">Wand</type>
				<weight type="number">1</weight>
			</wand_of_wisdom>
