			<wand_of_warding>
				<cost type="string"></cost>
				<description type="formattedtext">
				<p><i>A thin, weighty rod of dark iron inscribed with spiraling runes.</i></p>
				<p><b>Benefit.</b> This wand contains the spells dispel magic and protection from energy.</p>
				<p><b>Curse.</b> Each time you fail a spellcasting check with this wand, you also lose the ability to cast a random spell you know until you complete a rest.</p>
				<linklist>
					<link class="power" recordname="reference.power.dispel_magic@IPFGSDTALCOREPLAYER">Spell: Dispel Magic</link>
				</linklist>
				<linklist>
					<link class="power" recordname="reference.power.protection_from_energy@IPFGSDTALCOREPLAYER">Spell: Protection from Energy</link>
				</linklist>
				</description>
				<name type="string">Wand of Warding</name>
				<nonid_name type="string">Unidentified item</nonid_name>
				<nonidentified type="string"></nonidentified>
				<picture type="token">campaign/images/Wand of Warding.webp</picture>
				<type type="string">Wand</type>
				<weight type="number">1</weight>
			</wand_of_warding>
