			<war_horn_of_the_angels>
				<cost type="string"></cost>
				<description type="formattedtext">
					<p><i>An opalescent ox horn capped with a golden mouthpiece.</i></p>
					<p><b>Benefit.</b> Only a lawful being can wield the horn. Once per day, you can blow the horn to cast rebuke unholy with a +4 bonus.</p>
					<p>A demon or devil who hears the horn has disadvantage on its Charisma check vs. your rebuke unholy spellcasting check.</p>
				</description>
				<name type="string">War Horn of the Angels</name>
				<nonid_name type="string">Unidentified item</nonid_name>
				<nonidentified type="string"></nonidentified>
				<type type="string">Misc. Magic</type>
				<weight type="number">1</weight>
			</war_horn_of_the_angels>
