			<warhammer_of_the_dwarf_lords>
				<attacktype type="string">Melee</attacktype>
				<cost type="string"></cost>
				<damage type="string">1d10+1</damage>
				<damagetype type="string">blunt, magic</damagetype>
				<description type="formattedtext">
					<p><i>A boxy hammer with a stout handle and leather throwing strap. It hums with a baritone resonance when spun.</i></p>
				<p><b>Bonus.</b> +1 warhammer. +2 if wielded by a dwarf.</p>
				<p><b>Benefit.</b> This weapon has the thrown property to a near distance. It always returns to your hand after being thrown.</p>
				<p><b>Benefit.</b> Your attacks with this weapon deal double damage against giants.</p>
				</description>
				<finesse type="number">0</finesse>
				<item_attack_bonus type="number">1</item_attack_bonus>
				<loading type="number"></loading>
				<name type="string">Warhammer of the Dwarf Lords</name>
				<nonid_name type="string">Unidentified item</nonid_name>
				<nonidentified type="string"></nonidentified>
				<picture type="token">campaign/images/Warhammer of the Dwarf Lords.webp</picture>
				<range type="string">Close</range>
				<thrown type="number">0</thrown>
				<twohanded type="number">1</twohanded>
				<type type="string">Weapon</type>
				<versatile type="number">0</versatile>
				<versatile_damage type="string"></versatile_damage>
				<weight type="number">1</weight>
			</warhammer_of_the_dwarf_lords>
