			<well_of_many_worlds>
				<cost type="string"></cost>
				<description type="formattedtext">
					<p><i>A dark circle of cloth that seems to create a tunnel through the surface it lies upon.</i></p>
					<p><b>Benefit.</b> The Well of Many Worlds folds open on a flat surface into a 6-foot wide hole. Creatures can jump into the hole once per day each to be transported to a random plane of existence.</p>
				</description>
				<name type="string">Well of Many Worlds</name>
				<nonid_name type="string">Unidentified item</nonid_name>
				<nonidentified type="string"></nonidentified>
				<type type="string">Misc. Magic</type>
				<weight type="number">1</weight>
			</well_of_many_worlds>
