			<wrath_bolt>
				<attacktype type="string">Melee/Ranged</attacktype>
				<cost type="string"></cost>
				<damage type="string">1d4+1</damage>
				<damagetype type="string">piercing, magic</damagetype>
				<description type="formattedtext">
				<p><i>A +1 dagger that deals 1d100 damage to anyone who tries to take it from previous possessor (dead or alive).</i></p>
				</description>
				<finesse type="number">1</finesse>
				<item_attack_bonus type="number">1</item_attack_bonus>
				<loading type="number"></loading>
				<name type="string">Wrath Bolt</name>
				<nonid_name type="string">Unidentified item</nonid_name>
				<nonidentified type="string"></nonidentified>
				<range type="string">Close/Near</range>
				<thrown type="number">1</thrown>
				<twohanded type="number">0</twohanded>
				<type type="string">Weapon</type>
				<versatile type="number">0</versatile>
				<versatile_damage type="string"></versatile_damage>
				<weight type="number">1</weight>
			</wrath_bolt>
