			<ynnith>
				<attacktype type="string">Melee</attacktype>
				<cost type="string"></cost>
				<damage type="string">1d4+1</damage>
				<damagetype type="string">blunt, magic</damagetype>
				<description type="formattedtext">
					<p><i>A +1 staff of knotted oak called Ynnith. Once a day, the wielder can summon an obedient giant owl for 5 rounds.</i></p>
				<p><link_n>Owl, Giant</link_n></p>
				</description>
				<finesse type="number">0</finesse>
				<item_attack_bonus type="number">1</item_attack_bonus>
				<loading type="number"></loading>
				<name type="string">Ynnith</name>
				<nonid_name type="string">Unidentified item</nonid_name>
				<nonidentified type="string"></nonidentified>
				<range type="string">Close</range>
				<thrown type="number">0</thrown>
				<twohanded type="number">1</twohanded>
				<type type="string">Weapon</type>
				<versatile type="number">0</versatile>
				<versatile_damage type="string"></versatile_damage>
				<weight type="number">1</weight>
			</ynnith>
