			<hauler>
				<name type="string">Hauler</name>
				<text type="formattedtext">
					<p>Add your Constitution modifier, if positive, to your gear slots. </p>
				</text>
			</hauler>
			<weapon_mastery>
				<name type="string">Weapon Mastery</name>
				<text type="formattedtext">
					<p>Choose one type of weapon, such as longswords. You gain +1 to attack and damage with that weapon type. In addition, add half your level to these rolls (round down). </p>
				</text>
			</weapon_mastery>
			<grit>
				<name type="string">Grit</name>
				<text type="formattedtext">
					<p>Choose Strength or Dexterity. You have advantage on checks of that type to overcome an opposing force, such as kicking open a stuck door (Strength) or slipping free of rusty chains (Dexterity). </p>
				</text>
			</grit>
