			<mask_infusion>
				<name type="string">Mask Infusion</name>
				<text type="formattedtext">
					<p>Inhale one premade herbal elixir from your mask for immediate infusion. Lasts all day, expires on use.</p>
				</text>
			</mask_infusion>
			<mesmerize_insect>
				<name type="string">Mesmerize Insect</name>
				<text type="formattedtext">
					<p>1/day, you bewitch an insect to automatically deliver an injure elixir to a target within near.</p>
				</text>
			</mesmerize_insect>
			<elixirs>
				<name type="string">Elixirs</name>
				<text type="formattedtext">
					<p>You can craft elixirs by making an Int check. Apply the modifier for the chosen delivery method (See Delivery Method table) to this check. This does not take your action.</p>
					<p>If you fail, you can’t make that elixir again until you rest. Except for mask infusions, elixirs expire in 5 rounds.</p>
					<p>Critical success increases DC or die category by one or doubles duration. Critical fails self-inflict harmful elixirs.</p>
				</text>
			</elixirs>
