			<seafarer>
				<name type="string">Seafarer</name>
				<text type="formattedtext">
					<p>You have advantage on checks related to navigating and crewing boats.</p>
				</text>
			</seafarer>
			<old_gods>
				<name type="string">Old Gods</name>
				<text type="formattedtext">
					<p>Each day, your purpose aligns with one of the Old Gods. Choose one of the below options after you complete a rest; you gain its benefits until you complete your next rest.</p>
					<list>
					<li><b>Odin.</b> You regain 1d4 HP every time you kill an enemy.</li>
					<li><b>Freya.</b> You gain a luck token if you don't have one. Each time you use a luck token, add 1d6 to your roll.</li>
					<li><b>Loki.</b> You have advantage on checks to lie, sneak, and hide.</li>
					</list>
				</text>
			</old_gods>
			<shield_wall>
				<name type="string">Shield Wall</name>
				<text type="formattedtext">
					<p>If you wield a shield, you can use your action to take a defensive stance. Your AC becomes 20 during this time.</p>
				</text>
			</shield_wall>
