			<destined>
				<name type="string">Destined</name>
				<text type="formattedtext">
					<p>Whenever you use a luck token, add 1d6 to the roll.</p>
				</text>
			</destined>
			<omen>
				<name type="string">Omen</name>
				<text type="formattedtext">
					<p>3/day, you can make a DC 9 WIS check. On a success, gain a luck token (you can't have more than one luck token at a time).</p>
				</text>
			</omen>
			<spellcasting>
				<name type="string">Spellcasting</name>
				<text type="formattedtext">
					<p>You can cast seer spells you know. You know one tier 1 spell of your choice from the seer spell list (see pg. 30).</p>
					<p>Each time you gain a level, you choose a new seer spell to learn according to the Seer Spells Known table.</p>
					<p>You use your Wisdom stat to cast seer spells. The DC is 10 + the spell's tier.</p>
					<p>If you fail a spellcasting check, you can't cast that spell again until you complete a rest. If you roll a natural 1 on a spellcasting check, you can't cast that spell again until you complete Seer Penance.</p>
				</text>
			</spellcasting>
