			<learning_spells>
				<counter type="number">0</counter>
				<countercheck type="number">0</countercheck>
				<name type="string">Learning Spells</name>
				<text type="formattedtext">
					<p>You can permanently learn a wizard spell from a spell scroll by studying it for a day and succeeding on a Dc 15 Intelligence check. Whether you succeed or fail, you expend the spell scroll. Spells you learn in this way don't count toward your known spells.</p>
				</text>
			</learning_spells>
			<spellcasting>
				<counter type="number">0</counter>
				<countercheck type="number">0</countercheck>
				<name type="string">Spellcasting</name>
				<text type="formattedtext">
					<p>You can cast wizard spells you know. You know three tier 1 spells of your choice from the wizard spell list. Each time you gain a level, you choose new wizard spells to learn according to the Wizard Spells Known table. For casting wizard spells, see Spellcasting.</p>
				</text>
			</spellcasting>
