			<familiar>
			<name type="string">Familiar</name>
			<text type="formattedtext">
				<p>You have a small animal such as a raven, rat, or frog who serves you loyally. It can speak Common.</p>
				<p>Your familiar can be the source of spells you cast. Treat it as though it were you for determining spell ranges.</p>
				<p>If your familiar dies, you can restore it to life by permanently sacrificing 1d4 hit points.</p>
			</text>
			</familiar>
			<spellcasting>
			<name type="string">Spellcasting</name>
			<text type="formattedtext">
				<p>You can cast witch spells you know.</p>
				<p>You know three tier 1 spells of your choice from the witch spell list.</p>
				<p>Each time you gain a level, you choose new witch spells to learn according to the Witch Spells Known table.</p>
				<p>You use your Charisma stat to cast witch spells. The DC is 10 + the spell's tier.</p>
				<p>If you fail a spellcasting check, you can't cast that spell again until you complete a rest.</p>
				<p>If you roll a natural 1 on a spellcasting check, you must also roll on the corresponding Diabolical Mishap table for the spell's tier.</p>
			</text>
			</spellcasting>
