			<assassin>
				<name type="string">Assassin</name>
				<text type="formattedtext">
					<p>You have advantage on checks to sneak and hide. Your attacks deal double damage against targets that are unaware of your presence.</p>
				</text>
			</assassin>
			<smoke_step>
				<name type="string">Smoke Step</name>
				<text type="formattedtext">
					<p>3/day, teleport to a location you can see within near. This does not use your action.</p>
				</text>
			</smoke_step>
			<black_lotus>
				<name type="string">Black Lotus</name>
				<text type="formattedtext">
					<p>You earned the right to eat a petal of the fabled black lotus flower, and you survived its sorcerous effects.</p>
					<p>Roll one talent on the Black Lotus Talents table. Whenever you roll on this table, you may reroll duplicates or keep them.</p>
				</text>
			</black_lotus>
