			<wicked_tongue>
				<name type="string">Wicked Tongue</name>
				<text type="formattedtext">
					<p>Your oratory prowess deceives others, granting you advantage on any negotiation, intimidation, persuasion, or misdirection check.</p>
				</text>
			</wicked_tongue>
			<firebond_weapon>
				<name type="string">Firebond Weapon</name>
				<text type="formattedtext">
					<p>Pulling from the eternal flames of the abyss, you can ignite your melee or ranged weapon as part of making an attack. It deals an additional d4 of fire damage on hit. The weapon’s flame is not enough to pierce the darkness.</p>
				</text>
			</firebond_weapon>
			<pyromancy>
				<name type="string">Pyromancy</name>
				<text type="formattedtext">
					<p>You wield the relentless energy of the eternal flame in powerful and unique ways. Only one pyromancy talent can be active at a time.</p>
					<p>Upon reaching level 2, roll one talent from the Pyromancy table, with additional rolls at every even level.</p>
					<p>You are immune to your own pyromancy.</p>
				</text>
			</pyromancy>
