			<beast_attack>
				<name type="string">Beast Attack</name>
				<text type="formattedtext">
					<p>Choose one animal type to use for all melee attacks (see Beast Attacks table). If your talents allow for multiple animals (see 12 on Beastmaster Talents chart), you may choose which animal to use with every individual attack.</p>
				</text>
			</beast_attack>
			<beast_hide>
				<name type="string">Beast Hide</name>
				<text type="formattedtext">
					<p>Your skin is covered with a protective hide. If your Con modifier is positive, add it to your Ac.</p>
				</text>
			</beast_hide>
			<beast_shape>
				<name type="string">Beast Shape</name>
				<text type="formattedtext">
					<p>Once per day, you and your possessions may transform into the natural form of your chosen beast for 3 rounds, taking on the animal’s statistics, attacks, and abilities. You still need light to see.</p>
					<p>If you take damage while in this form, do not transfer that damage to your own Hp when you return to your humanoid form. If you reach 0 Hp in your animal form, you transform back at 0 Hp, starting your death timer as normal.</p>
				</text>
			</beast_shape>
